scorer,,,tot_ra,tot_ra,tot_ra,tot_ra,tot_ra,tot_ra,tot_ra,tot_ra,tot_ra,tot_ra,tot_ra,tot_ra,tot_ra,tot_ra,tot_ra,tot_ra,tot_ra,tot_ra,tot_ra,tot_ra,tot_ra,tot_ra,tot_ra,tot_ra,tot_ra,tot_ra,tot_ra,tot_ra,tot_ra,tot_ra,tot_ra,tot_ra,tot_ra,tot_ra,tot_ra,tot_ra,tot_ra,tot_ra,tot_ra,tot_ra,tot_ra,tot_ra,tot_ra,tot_ra,tot_ra,tot_ra,tot_ra,tot_ra,tot_ra,tot_ra,tot_ra,tot_ra,tot_ra,tot_ra,tot_ra,tot_ra,tot_ra,tot_ra,tot_ra,tot_ra,tot_ra,tot_ra,tot_ra,tot_ra,tot_ra,tot_ra,tot_ra,tot_ra,tot_ra,tot_ra,tot_ra,tot_ra,tot_ra,tot_ra,tot_ra,tot_ra,tot_ra,tot_ra,tot_ra,tot_ra,tot_ra,tot_ra,tot_ra,tot_ra,tot_ra,tot_ra,tot_ra,tot_ra,tot_ra,tot_ra,tot_ra,tot_ra,tot_ra,tot_ra,tot_ra,tot_ra,tot_ra,tot_ra,tot_ra,tot_ra,tot_ra,tot_ra,tot_ra,tot_ra,tot_ra,tot_ra,tot_ra,tot_ra,tot_ra,tot_ra,tot_ra,tot_ra,tot_ra,tot_ra,tot_ra,tot_ra,tot_ra,tot_ra,tot_ra,tot_ra,tot_ra,tot_ra,tot_ra,tot_ra,tot_ra,tot_ra,tot_ra,tot_ra,tot_ra,tot_ra,tot_ra,tot_ra,tot_ra,tot_ra,tot_ra,tot_ra,tot_ra,tot_ra,tot_ra,tot_ra,tot_ra,tot_ra,tot_ra,tot_ra,tot_ra,tot_ra,tot_ra,tot_ra,tot_ra,tot_ra,tot_ra,tot_ra,tot_ra,tot_ra,tot_ra,tot_ra,tot_ra,tot_ra,tot_ra,tot_ra,tot_ra,tot_ra,tot_ra,tot_ra,tot_ra,tot_ra,tot_ra,tot_ra,tot_ra,tot_ra,tot_ra,tot_ra,tot_ra,tot_ra,tot_ra,tot_ra,tot_ra,tot_ra,tot_ra,tot_ra,tot_ra,tot_ra,tot_ra,tot_ra,tot_ra,tot_ra,tot_ra,tot_ra,tot_ra,tot_ra,tot_ra,tot_ra,tot_ra,tot_ra,tot_ra,tot_ra,tot_ra,tot_ra,tot_ra,tot_ra,tot_ra,tot_ra,tot_ra,tot_ra,tot_ra,tot_ra,tot_ra,tot_ra,tot_ra,tot_ra,tot_ra,tot_ra,tot_ra,tot_ra,tot_ra,tot_ra,tot_ra,tot_ra,tot_ra,tot_ra,tot_ra,tot_ra,tot_ra,tot_ra,tot_ra,tot_ra,tot_ra,tot_ra,tot_ra,tot_ra,tot_ra,tot_ra,tot_ra,tot_ra,tot_ra,tot_ra,tot_ra,tot_ra,tot_ra,tot_ra,tot_ra,tot_ra,tot_ra,tot_ra,tot_ra,tot_ra,tot_ra,tot_ra,tot_ra,tot_ra,tot_ra,tot_ra,tot_ra,tot_ra,tot_ra,tot_ra,tot_ra,tot_ra,tot_ra,tot_ra
individuals,,,individual1,individual1,individual1,individual1,individual1,individual1,individual1,individual1,individual1,individual1,individual1,individual1,individual1,individual1,individual1,individual1,individual1,individual1,individual1,individual1,individual1,individual1,individual1,individual1,individual1,individual1,individual2,individual2,individual2,individual2,individual2,individual2,individual2,individual2,individual2,individual2,individual2,individual2,individual2,individual2,individual2,individual2,individual2,individual2,individual2,individual2,individual2,individual2,individual2,individual2,individual2,individual2,individual3,individual3,individual3,individual3,individual3,individual3,individual3,individual3,individual3,individual3,individual3,individual3,individual3,individual3,individual3,individual3,individual3,individual3,individual3,individual3,individual3,individual3,individual3,individual3,individual3,individual3,individual4,individual4,individual4,individual4,individual4,individual4,individual4,individual4,individual4,individual4,individual4,individual4,individual4,individual4,individual4,individual4,individual4,individual4,individual4,individual4,individual4,individual4,individual4,individual4,individual4,individual4,individual5,individual5,individual5,individual5,individual5,individual5,individual5,individual5,individual5,individual5,individual5,individual5,individual5,individual5,individual5,individual5,individual5,individual5,individual5,individual5,individual5,individual5,individual5,individual5,individual5,individual5,individual6,individual6,individual6,individual6,individual6,individual6,individual6,individual6,individual6,individual6,individual6,individual6,individual6,individual6,individual6,individual6,individual6,individual6,individual6,individual6,individual6,individual6,individual6,individual6,individual6,individual6,individual7,individual7,individual7,individual7,individual7,individual7,individual7,individual7,individual7,individual7,individual7,individual7,individual7,individual7,individual7,individual7,individual7,individual7,individual7,individual7,individual7,individual7,individual7,individual7,individual7,individual7,individual8,individual8,individual8,individual8,individual8,individual8,individual8,individual8,individual8,individual8,individual8,individual8,individual8,individual8,individual8,individual8,individual8,individual8,individual8,individual8,individual8,individual8,individual8,individual8,individual8,individual8,individual9,individual9,individual9,individual9,individual9,individual9,individual9,individual9,individual9,individual9,individual9,individual9,individual9,individual9,individual9,individual9,individual9,individual9,individual9,individual9,individual9,individual9,individual9,individual9,individual9,individual9,individual10,individual10,individual10,individual10,individual10,individual10,individual10,individual10,individual10,individual10,individual10,individual10,individual10,individual10,individual10,individual10,individual10,individual10,individual10,individual10,individual10,individual10,individual10,individual10,individual10,individual10
bodyparts,,,head,head,thorax,thorax,abdomen,abdomen,antenna-left,antenna-left,antenna-right,antenna-right,fore-leg-left,fore-leg-left,fore-leg-right,fore-leg-right,mid-leg-left,mid-leg-left,mid-leg-right,mid-leg-right,hind-leg-left,hind-leg-left,hind-leg-right,hind-leg-right,wing-left,wing-left,wing-right,wing-right,head,head,thorax,thorax,abdomen,abdomen,antenna-left,antenna-left,antenna-right,antenna-right,fore-leg-left,fore-leg-left,fore-leg-right,fore-leg-right,mid-leg-left,mid-leg-left,mid-leg-right,mid-leg-right,hind-leg-left,hind-leg-left,hind-leg-right,hind-leg-right,wing-left,wing-left,wing-right,wing-right,head,head,thorax,thorax,abdomen,abdomen,antenna-left,antenna-left,antenna-right,antenna-right,fore-leg-left,fore-leg-left,fore-leg-right,fore-leg-right,mid-leg-left,mid-leg-left,mid-leg-right,mid-leg-right,hind-leg-left,hind-leg-left,hind-leg-right,hind-leg-right,wing-left,wing-left,wing-right,wing-right,head,head,thorax,thorax,abdomen,abdomen,antenna-left,antenna-left,antenna-right,antenna-right,fore-leg-left,fore-leg-left,fore-leg-right,fore-leg-right,mid-leg-left,mid-leg-left,mid-leg-right,mid-leg-right,hind-leg-left,hind-leg-left,hind-leg-right,hind-leg-right,wing-left,wing-left,wing-right,wing-right,head,head,thorax,thorax,abdomen,abdomen,antenna-left,antenna-left,antenna-right,antenna-right,fore-leg-left,fore-leg-left,fore-leg-right,fore-leg-right,mid-leg-left,mid-leg-left,mid-leg-right,mid-leg-right,hind-leg-left,hind-leg-left,hind-leg-right,hind-leg-right,wing-left,wing-left,wing-right,wing-right,head,head,thorax,thorax,abdomen,abdomen,antenna-left,antenna-left,antenna-right,antenna-right,fore-leg-left,fore-leg-left,fore-leg-right,fore-leg-right,mid-leg-left,mid-leg-left,mid-leg-right,mid-leg-right,hind-leg-left,hind-leg-left,hind-leg-right,hind-leg-right,wing-left,wing-left,wing-right,wing-right,head,head,thorax,thorax,abdomen,abdomen,antenna-left,antenna-left,antenna-right,antenna-right,fore-leg-left,fore-leg-left,fore-leg-right,fore-leg-right,mid-leg-left,mid-leg-left,mid-leg-right,mid-leg-right,hind-leg-left,hind-leg-left,hind-leg-right,hind-leg-right,wing-left,wing-left,wing-right,wing-right,head,head,thorax,thorax,abdomen,abdomen,antenna-left,antenna-left,antenna-right,antenna-right,fore-leg-left,fore-leg-left,fore-leg-right,fore-leg-right,mid-leg-left,mid-leg-left,mid-leg-right,mid-leg-right,hind-leg-left,hind-leg-left,hind-leg-right,hind-leg-right,wing-left,wing-left,wing-right,wing-right,head,head,thorax,thorax,abdomen,abdomen,antenna-left,antenna-left,antenna-right,antenna-right,fore-leg-left,fore-leg-left,fore-leg-right,fore-leg-right,mid-leg-left,mid-leg-left,mid-leg-right,mid-leg-right,hind-leg-left,hind-leg-left,hind-leg-right,hind-leg-right,wing-left,wing-left,wing-right,wing-right,head,head,thorax,thorax,abdomen,abdomen,antenna-left,antenna-left,antenna-right,antenna-right,fore-leg-left,fore-leg-left,fore-leg-right,fore-leg-right,mid-leg-left,mid-leg-left,mid-leg-right,mid-leg-right,hind-leg-left,hind-leg-left,hind-leg-right,hind-leg-right,wing-left,wing-left,wing-right,wing-right
coords,,,x,y,x,y,x,y,x,y,x,y,x,y,x,y,x,y,x,y,x,y,x,y,x,y,x,y,x,y,x,y,x,y,x,y,x,y,x,y,x,y,x,y,x,y,x,y,x,y,x,y,x,y,x,y,x,y,x,y,x,y,x,y,x,y,x,y,x,y,x,y,x,y,x,y,x,y,x,y,x,y,x,y,x,y,x,y,x,y,x,y,x,y,x,y,x,y,x,y,x,y,x,y,x,y,x,y,x,y,x,y,x,y,x,y,x,y,x,y,x,y,x,y,x,y,x,y,x,y,x,y,x,y,x,y,x,y,x,y,x,y,x,y,x,y,x,y,x,y,x,y,x,y,x,y,x,y,x,y,x,y,x,y,x,y,x,y,x,y,x,y,x,y,x,y,x,y,x,y,x,y,x,y,x,y,x,y,x,y,x,y,x,y,x,y,x,y,x,y,x,y,x,y,x,y,x,y,x,y,x,y,x,y,x,y,x,y,x,y,x,y,x,y,x,y,x,y,x,y,x,y,x,y,x,y,x,y,x,y,x,y,x,y,x,y,x,y,x,y,x,y,x,y,x,y,x,y,x,y,x,y
labeled-data,1757487476,img116.png,942.7888893337847,106.7845860102493,934.276735472526,94.59150074952733,899.9980618150246,62.15329279175756,955.9022074443725,111.1556920471119,938.877899721855,120.58807875823643,956.8224402942383,99.88283963625574,929.215454798264,122.88866088290096,951.3010431950433,90.45045292513119,914.4917292004111,107.93487707258156,939.1079579343215,74.80649447741243,899.0778289651587,85.84928867580214,919.0928934497401,59.852710667093035,882.5136376675741,74.11631984001308,,,,,,,,,,,,,,,,,,,,,,,,,,,,,,,,,,,,,,,,,,,,,,,,,,,,,,,,,,,,,,,,,,,,,,,,,,,,,,,,,,,,,,,,,,,,,,,,,,,,,,,,,,,,,,,,,,,,,,,,,,,,,,,,,,,,,,,,,,,,,,,,,,,,,,,,,,,,,,,,,,,,,,,,,,,,,,,,,,,,,,,,,,,,,,,,,,,,,,,,,,,,,,,,,,,,,,,,,,,,,,,,,,,,,,,,,,
labeled-data,1757487476,img129.png,821.4308281611735,76.76652105883645,834.078851201414,87.69539533632575,875.584014187834,123.79751935409942,808.5451270484043,73.78701221562294,817.632056222946,66.05084278324287,814.9305367386228,98.59187293531778,844.1560657053919,74.76938293719502,829.3512520629988,122.66597963473401,858.9451700503574,82.51157639047554,846.1491678267162,127.40473304886308,877.216641896433,101.00351990661363,854.7449116404719,136.73725490379778,885.1984040092061,100.38953820563108,,,,,,,,,,,,,,,,,,,,,,,,,,,,,,,,,,,,,,,,,,,,,,,,,,,,,,,,,,,,,,,,,,,,,,,,,,,,,,,,,,,,,,,,,,,,,,,,,,,,,,,,,,,,,,,,,,,,,,,,,,,,,,,,,,,,,,,,,,,,,,,,,,,,,,,,,,,,,,,,,,,,,,,,,,,,,,,,,,,,,,,,,,,,,,,,,,,,,,,,,,,,,,,,,,,,,,,,,,,,,,,,,,,,,,,,,,
labeled-data,1757487476,img170.png,668.9713351611144,143.02483130399807,684.8338689425834,150.1163169945371,728.6891093972328,158.51412899649125,651.4292389792547,157.5810387740519,663.7903152521831,135.9178947237283,,,681.1457933895549,131.25244361153156,699.0611256603904,126.0271383658712,,,,,713.8039511749321,131.81229774499516,684.1316821013609,182.38578780120787,,,785.6574543749589,91.70810819655972,800.1215759877308,75.25871498987794,814.8693078282041,61.361813832508886,787.9076994683231,108.9400868861708,775.1917495673304,98.79760303656946,,,,,,,,,,,,,,,,,,,898.0207182188619,60.117669373156005,870.8738491478206,88.87494593146253,,,,,,,,,,,,,853.6194832128367,78.9824427954051,,,885.3675165332071,101.98826404205032,,,,,,,,,,,,,,,,,,,,,,,,,,,,,,,,,,,,,,,,,,,,,,,,,,,,,,,,,,,,,,,,,,,,,,,,,,,,,,,,,,,,,,,,,,,,,,,,,,,,,,,,,,,,,,,,,,,,,,,,,,,,,,,,,,,,,,,,,,,,,,,,,,,,,,,,,,,,,,,,,,,,,,,,,,,,,,,,,,,,,,,,
labeled-data,1757487476,img206.png,879.737417453974,63.06097260375148,897.4661316803216,67.72642371594823,946.7332954251192,64.36729891516657,,,,,,,,,,,,,,,,,,,,,,,,,,,,,,,,,,,,,,,,,,,,,,,,,,,,,,,,,,,,,,,,,,,,,,,,,,,,,,,,,,,,,,,,,,,,,,,,,,,,,,,,,,,,,,,,,,,,,,,,,,,,,,,,,,,,,,,,,,,,,,,,,,,,,,,,,,,,,,,,,,,,,,,,,,,,,,,,,,,,,,,,,,,,,,,,,,,,,,,,,,,,,,,,,,,,,,,,,,,,,,,,,,,,,,,,,,,,,,,,,,,,,,,,,,,,,,
labeled-data,1757487476,img226.png,988.4345434939937,71.74548334086485,989.2853741770979,88.76209700294943,989.2853741770979,142.08081981081446,973.9704218812218,49.05666512475207,1006.3019878391824,51.60915717406476,,,,,,,,,,,,,,,,,931.9961081814131,121.37727318861155,923.7714115780723,137.2594459398905,901.3662035896609,182.06986191671322,,,,,,,,,,,943.3405172894695,145.7677527709328,,,933.6977695476216,176.11404713498362,,,,,871.5871296810129,74.58158561787894,908.1728490544947,79.4029594888029,,,,,,,,,,,,,,,,,,,,,,,,,,,,,,,,,,,,,,,,,,,,,,,,,,,,,,,,,,,,,,,,,,,,,,,,,,,,,,,,,,,,,,,,,,,,,,,,,,,,,,,,,,,,,,,,,,,,,,,,,,,,,,,,,,,,,,,,,,,,,,,,,,,,,,,,,,,,,,,,,,,,,,,,,,,,,,,,,,,,,,,,,,,,,,,,,,,,,,,,,,,,
labeled-data,1757487476,img235.png,902.2115490191208,224.70182175074325,909.2041056703123,243.5817247089605,927.0351251308508,293.92813259753984,878.4368564050694,211.41596411347928,910.252989167991,207.9196857878835,,,,,,,,,,,,,,,,,1039.8734549946273,23.356082909295942,1022.8491472721099,30.717945708222423,974.9970390790878,59.93533869146186,1051.37636561795,9.782648373775267,1056.4376462922119,33.478644257819845,1036.4225818076306,7.712124461577197,1049.0757834932856,44.751496668676005,1008.1254216742569,8.862415523909455,1025.3797876092408,55.10411622966637,962.1137791809665,39.0000413570147,,,,,,,,,,,,,,,,,,,,,,,,,,,,,,,,,,,,,,,,,,,,,,,,,,,,,,,,,,,,,,,,,,,,,,,,,,,,,,,,,,,,,,,,,,,,,,,,,,,,,,,,,,,,,,,,,,,,,,,,,,,,,,,,,,,,,,,,,,,,,,,,,,,,,,,,,,,,,,,,,,,,,,,,,,,,,,,,,,,,,,,,,,,,,,,,,,,,,,,,,,,,,,,,,,,,,,
labeled-data,1757487476,img249.png,,,,,672.1860060806879,91.44348289689981,,,,,,,,,,,,,,,,,,,,,,,,,,,,,,,,,,,,,,,,,,,,,,,,,,,,,,,,,,,,,,,,,,,,,,,,,,,,,,,,,,,,,,,,,,,,,,,,,,,,,,,,,,,,,,,,,,,,,,,,,,,,,,,,,,,,,,,,,,,,,,,,,,,,,,,,,,,,,,,,,,,,,,,,,,,,,,,,,,,,,,,,,,,,,,,,,,,,,,,,,,,,,,,,,,,,,,,,,,,,,,,,,,,,,,,,,,,,,,,,,,,,,,,,,,,,,,
labeled-data,1757487476,img274.png,599.28134522845,198.7155907145097,613.0569576211922,188.11896579701576,647.5716787810295,156.48047140049815,594.2857934816315,222.78506731281738,577.3311936136412,197.2017871548677,603.5199951954476,217.4867548540704,587.7764381751709,186.30240152544536,645.4523537975308,207.79841207236166,584.1433096320301,179.4902855070564,658.4710644104518,191.44933362822815,623.6127958179741,135.5876137687699,648.7859997622636,198.1709957969345,609.9773103481505,145.02756524787853,,,,,,,,,,,,,,,,,,,,,,,,,,,,,,,,,,,,,,,,,,,,,,,,,,,,,,,,,,,,,,,,,,,,,,,,,,,,,,,,,,,,,,,,,,,,,,,,,,,,,,,,,,,,,,,,,,,,,,,,,,,,,,,,,,,,,,,,,,,,,,,,,,,,,,,,,,,,,,,,,,,,,,,,,,,,,,,,,,,,,,,,,,,,,,,,,,,,,,,,,,,,,,,,,,,,,,,,,,,,,,,,,,,,,,,,,,
labeled-data,1757487476,img275.png,585.5923880583189,207.62101817347292,601.1909505818965,197.69466020392358,638.6275006384825,171.60251925539387,581.9054550982005,229.74261593418288,,,,,,,,,646.5685870141219,195.9929988377151,584.7415573752146,180.678046541839,,,,,,,1202.2851025558027,571.7154974858634,1203.7031536943098,591.0009929695592,1211.0770196145465,641.2000032727087,,,,,,,,,,,,,,,,,,,,,,,,,,,,,,,,,,,,,,,,,,,,,,,,,,,,,,,,,,,,,,,,,,,,,,,,,,,,,,,,,,,,,,,,,,,,,,,,,,,,,,,,,,,,,,,,,,,,,,,,,,,,,,,,,,,,,,,,,,,,,,,,,,,,,,,,,,,,,,,,,,,,,,,,,,,,,,,,,,,,,,,,,,,,,,,,,,,,,,,,,,,,,,,,,,,,,,,,,,,,,,,,,,,,
labeled-data,1757487476,img295.png,1138.7829246647614,203.50037302405153,1135.7658354361752,222.03392114250997,1125.8525422565347,276.7725400040036,,,1156.454447289338,191.86302885664736,,,,,,,,,1100.4227901870217,258.670004632486,,,,,,,,,,,,,,,,,,,,,,,,,,,,,,,,,,,,,,,,,,,,,,,,,,,,,,,,,,,,,,,,,,,,,,,,,,,,,,,,,,,,,,,,,,,,,,,,,,,,,,,,,,,,,,,,,,,,,,,,,,,,,,,,,,,,,,,,,,,,,,,,,,,,,,,,,,,,,,,,,,,,,,,,,,,,,,,,,,,,,,,,,,,,,,,,,,,,,,,,,,,,,,,,,,,,,,,,,,,,,,,,,,,,,,,,,,,,,,,,
labeled-data,1757487476,img316.png,1113.7093352216414,89.27811297924634,1130.0434683067595,98.02032505297154,1176.7452854374492,130.9186494356742,1086.1023497256672,93.8792772285754,1108.6480545473794,66.04223352013467,1113.479277009175,105.8423042768309,,,1119.4607905333028,116.19492383782128,,,1138.0955057430854,140.35103614679875,,,,,,,,,,,,,,,,,,,,,,,,,,,,,,,,,,,,,,,,,,,,,,,,,,,,,,,,,,,,,,,,,,,,,,,,,,,,,,,,,,,,,,,,,,,,,,,,,,,,,,,,,,,,,,,,,,,,,,,,,,,,,,,,,,,,,,,,,,,,,,,,,,,,,,,,,,,,,,,,,,,,,,,,,,,,,,,,,,,,,,,,,,,,,,,,,,,,,,,,,,,,,,,,,,,,,,,,,,,,,,,,,,,,,,,,,,,,,,,,
labeled-data,1757487476,img330.png,1218.004609017877,37.74010947542786,1201.2224730550174,40.53713213590447,1147.3797868408421,43.68378262894069,,,,,,,,,1190.3840102456704,11.518022033459431,1202.6209843852557,65.01108041507501,1154.372343492034,20.608345680008483,1160.665644478106,57.31926809876427,,,,,,,,,,,,,,,,,,,,,,,,,,,,,,,,,,,,,,,,,,,,,,,,,,,,,,,,,,,,,,,,,,,,,,,,,,,,,,,,,,,,,,,,,,,,,,,,,,,,,,,,,,,,,,,,,,,,,,,,,,,,,,,,,,,,,,,,,,,,,,,,,,,,,,,,,,,,,,,,,,,,,,,,,,,,,,,,,,,,,,,,,,,,,,,,,,,,,,,,,,,,,,,,,,,,,,,,,,,,,,,,,,,,,,,,,,,,,,
labeled-data,1757487476,img372.png,,,870.0554462635803,67.14516915512665,907.3248766831456,73.5867991041873,,,,,,,,,,,,,,,876.0369597877082,103.49436672482611,,,912.616215569874,84.16947687764412,,,,,,,,,,,,,,,,,,,,,,,,,,,,,,,,,,,,,,,,,,,,,,,,,,,,,,,,,,,,,,,,,,,,,,,,,,,,,,,,,,,,,,,,,,,,,,,,,,,,,,,,,,,,,,,,,,,,,,,,,,,,,,,,,,,,,,,,,,,,,,,,,,,,,,,,,,,,,,,,,,,,,,,,,,,,,,,,,,,,,,,,,,,,,,,,,,,,,,,,,,,,,,,,,,,,,,,,,,,,,,,,,,,,,,,,,,
labeled-data,1757487476,img380.png,910.9303311041057,69.48498952757738,,,,,,,,,,,,,,,,,,,,,,,,,,,,,,,,,,,,,,,,,,,,,,,,,,,,,,,,,,,,,,,,,,,,,,,,,,,,,,,,,,,,,,,,,,,,,,,,,,,,,,,,,,,,,,,,,,,,,,,,,,,,,,,,,,,,,,,,,,,,,,,,,,,,,,,,,,,,,,,,,,,,,,,,,,,,,,,,,,,,,,,,,,,,,,,,,,,,,,,,,,,,,,,,,,,,,,,,,,,,,,,,,,,,,,,,,,,,,,,,,,,,,,,,,,,,,,,,,,
labeled-data,1757487476,img400.png,969.7809072105462,62.37412125942531,951.6063084256964,71.5764497580834,900.7634434706105,68.35563478355307,,,,,,,,,,,,,,,,,,,,,,,,,,,,,,,,,,,,,,,,,,,,,,,,,,,,,,,,,,,,,,,,,,,,,,,,,,,,,,,,,,,,,,,,,,,,,,,,,,,,,,,,,,,,,,,,,,,,,,,,,,,,,,,,,,,,,,,,,,,,,,,,,,,,,,,,,,,,,,,,,,,,,,,,,,,,,,,,,,,,,,,,,,,,,,,,,,,,,,,,,,,,,,,,,,,,,,,,,,,,,,,,,,,,,,,,,,,,,,,,,,,,,,,,,,,,,,
labeled-data,1757487476,img413.png,976.1843762614699,76.98407534148316,964.150334922212,81.65033626895053,943.888938789788,60.52936575515095,,,,,,,,,,,,,,,,,,,,,883.1869636448417,255.78698288381545,877.9425461564481,281.6594424932243,863.9574328540649,357.8783099912124,,,,,,,,,,,,,,,,,,,,,,,,,,,,,,,,,,,,,,,,,,,,,,,,,,,,,,,,,,,,,,,,,,,,,,,,,,,,,,,,,,,,,,,,,,,,,,,,,,,,,,,,,,,,,,,,,,,,,,,,,,,,,,,,,,,,,,,,,,,,,,,,,,,,,,,,,,,,,,,,,,,,,,,,,,,,,,,,,,,,,,,,,,,,,,,,,,,,,,,,,,,,,,,,,,,,,,,,,,,,,,,,,,,,
labeled-data,1757487536,img015.png,1183.1380787965018,95.82928967070858,1182.2409088267725,115.26797234817683,1178.0541156347024,168.20100056220573,1168.7833592808329,72.80192711432312,1204.0720447568524,82.67079678134546,,,,,,,,,,,,,,,,,,,,,,,,,,,,,,,,,,,,,,,,,,,,,,,,,,,,,,,,,,,,,,,,,,,,,,,,,,,,,,,,,,,,,,,,,,,,,,,,,,,,,,,,,,,,,,,,,,,,,,,,,,,,,,,,,,,,,,,,,,,,,,,,,,,,,,,,,,,,,,,,,,,,,,,,,,,,,,,,,,,,,,,,,,,,,,,,,,,,,,,,,,,,,,,,,,,,,,,,,,,,,,,,,,,,,,,,,,,,,,,,,,,,,,,,,,
labeled-data,1757487536,img037.png,1068.2320702808456,6.65139645832906,1072.3573534186162,20.902374570627103,1079.4828424747652,67.40556630549436,,,,,,,,,,,,,,,,,,,,,,,,,,,,,,,,,,,,,,,,,,,,,,,,,,,,,,,,,,,,,,,,,,,,,,,,,,,,,,,,,,,,,,,,,,,,,,,,,,,,,,,,,,,,,,,,,,,,,,,,,,,,,,,,,,,,,,,,,,,,,,,,,,,,,,,,,,,,,,,,,,,,,,,,,,,,,,,,,,,,,,,,,,,,,,,,,,,,,,,,,,,,,,,,,,,,,,,,,,,,,,,,,,,,,,,,,,,,,,,,,,,,,,,,,,,,,,
labeled-data,1757487536,img038.png,931.6075655288521,15.169189174254797,941.3582347635823,33.17042468452598,962.7347019320293,79.29859067959595,,,,,,,,,,,,,,,,,,,,,,,,,,,,,,,,,,,,,,,,,,,,,,,,,,,,,,,,,,,,,,,,,,,,,,,,,,,,,,,,,,,,,,,,,,,,,,,,,,,,,,,,,,,,,,,,,,,,,,,,,,,,,,,,,,,,,,,,,,,,,,,,,,,,,,,,,,,,,,,,,,,,,,,,,,,,,,,,,,,,,,,,,,,,,,,,,,,,,,,,,,,,,,,,,,,,,,,,,,,,,,,,,,,,,,,,,,,,,,,,,,,,,,,,,,,,,,
labeled-data,1757487536,img047.png,256.28128696714947,267.6866698029727,251.19573768077666,286.1795762988738,238.25070313364589,335.64810117540935,,,,,,,,,,,,,,,,,,,,,,,,,,,,,,,,,,,,,,,,,,,,,,,,,,,,,,,,,,,,,,,,,,,,,,,,,,,,,,,,,,,,,,,,,,,,,,,,,,,,,,,,,,,,,,,,,,,,,,,,,,,,,,,,,,,,,,,,,,,,,,,,,,,,,,,,,,,,,,,,,,,,,,,,,,,,,,,,,,,,,,,,,,,,,,,,,,,,,,,,,,,,,,,,,,,,,,,,,,,,,,,,,,,,,,,,,,,,,,,,,,,,,,,,,,,,,,
labeled-data,1757487536,img051.png,635.1117074065019,194.50631295451214,631.1633830281896,209.80606992047208,620.79903153512,259.9004354703086,620.0587207141864,197.22078596460182,661.0225861391759,186.85643447153217,,,,,,,,,,,,,,,,,,,,,,,,,,,,,,,,,,,,,,,,,,,,,,,,,,,,,,,,,,,,,,,,,,,,,,,,,,,,,,,,,,,,,,,,,,,,,,,,,,,,,,,,,,,,,,,,,,,,,,,,,,,,,,,,,,,,,,,,,,,,,,,,,,,,,,,,,,,,,,,,,,,,,,,,,,,,,,,,,,,,,,,,,,,,,,,,,,,,,,,,,,,,,,,,,,,,,,,,,,,,,,,,,,,,,,,,,,,,,,,,,,,,,,,,,,
labeled-data,1757487536,img058.png,427.9853042824987,157.63604526967993,434.0695529793903,168.58769292408482,460.84024724571344,211.7858586720153,398.4766981025744,151.24758413794376,,,,,,,,,,,,,,,,,,,,,,,,,,,,,,,,,,,,,,,,,,,,,,,,,,,,,,,,,,,,,,,,,,,,,,,,,,,,,,,,,,,,,,,,,,,,,,,,,,,,,,,,,,,,,,,,,,,,,,,,,,,,,,,,,,,,,,,,,,,,,,,,,,,,,,,,,,,,,,,,,,,,,,,,,,,,,,,,,,,,,,,,,,,,,,,,,,,,,,,,,,,,,,,,,,,,,,,,,,,,,,,,,,,,,,,,,,,,,,,,,,,,,,,,,,,,
labeled-data,1757487536,img079.png,561.2898362425824,179.7008655993186,557.164553104812,195.07692093100857,551.9141927476495,246.45544728324094,,,,,,,,,,,,,,,,,,,,,,,,,,,,,,,,,,,,,,,,,,,,,,,,,,,,,,,,,,,,,,,,,,,,,,,,,,,,,,,,,,,,,,,,,,,,,,,,,,,,,,,,,,,,,,,,,,,,,,,,,,,,,,,,,,,,,,,,,,,,,,,,,,,,,,,,,,,,,,,,,,,,,,,,,,,,,,,,,,,,,,,,,,,,,,,,,,,,,,,,,,,,,,,,,,,,,,,,,,,,,,,,,,,,,,,,,,,,,,,,,,,,,,,,,,,,,,
labeled-data,1757487536,img081.png,625.2853852001804,140.53371502072113,624.8918213143029,155.48914268406128,625.482167143119,208.8170492204453,,,,,,,,,,,,,,,,,,,,,,,,,,,,,,,,,,,,,,,,,,,,,,,,,,,,,,,,,,,,,,,,,,,,,,,,,,,,,,,,,,,,,,,,,,,,,,,,,,,,,,,,,,,,,,,,,,,,,,,,,,,,,,,,,,,,,,,,,,,,,,,,,,,,,,,,,,,,,,,,,,,,,,,,,,,,,,,,,,,,,,,,,,,,,,,,,,,,,,,,,,,,,,,,,,,,,,,,,,,,,,,,,,,,,,,,,,,,,,,,,,,,,,,,,,,,,,
labeled-data,1757487536,img091.png,885.645167136786,110.1565836254385,876.2695236418531,127.78279339591238,862.7685970091496,181.41147418692861,,,,,,,,,,,,,,,,,,,,,1146.6630820357184,11.149788318946918,1133.9122068826096,23.52563773225836,1100.5349160406483,41.52687324252956,1151.163390913286,0.6490676046220472,1166.9144719847734,4.774350742392528,1133.5371811428122,-0.10098387497258443,,,,,,,,,,,,,,,,,,,,,,,,,,,,,,,,,,,,,,,,,,,,,,,,,,,,,,,,,,,,,,,,,,,,,,,,,,,,,,,,,,,,,,,,,,,,,,,,,,,,,,,,,,,,,,,,,,,,,,,,,,,,,,,,,,,,,,,,,,,,,,,,,,,,,,,,,,,,,,,,,,,,,,,,,,,,,,,,,,,,,,,,,,,,,,,,,,,,,,,,,,,,,,,,,,,,,,,,,,,,,,
labeled-data,1757487536,img093.png,900.5305278953581,3.9151930977070606,898.6871787172854,22.348684878433488,896.1064898679838,76.5431507137692,1173.3462062501094,24.192034056506145,1157.8620731542992,35.62079896055653,1110.3036643600249,54.791630412512006,1162.3067156963016,3.5702162317053414,1150.264678404941,3.1817634158549986,,,1116.2103148820609,5.253511767056832,,,,,,,,,,,,,,,,,,,,,,,,,,,,,,,,,,,,,,,,,,,,,,,,,,,,,,,,,,,,,,,,,,,,,,,,,,,,,,,,,,,,,,,,,,,,,,,,,,,,,,,,,,,,,,,,,,,,,,,,,,,,,,,,,,,,,,,,,,,,,,,,,,,,,,,,,,,,,,,,,,,,,,,,,,,,,,,,,,,,,,,,,,,,,,,,,,,,,,,,,,,,,,,,,,,,,,,,,,,,,,,,,,,,,,,,,,,,,,,,
labeled-data,1757487536,img099.png,937.1679932770767,27.58919799776109,941.3288972386545,47.00674981845728,967.218966332916,99.71153333177548,910.3532788580201,14.181840788232762,942.2535425634495,7.247000852269849,,,,,,,,,,,,,,,,,,,,,,,,,,,,,,,,,,,,,,,,,,,,,,,,,,,,,,,,,,,,,,,,,,,,,,,,,,,,,,,,,,,,,,,,,,,,,,,,,,,,,,,,,,,,,,,,,,,,,,,,,,,,,,,,,,,,,,,,,,,,,,,,,,,,,,,,,,,,,,,,,,,,,,,,,,,,,,,,,,,,,,,,,,,,,,,,,,,,,,,,,,,,,,,,,,,,,,,,,,,,,,,,,,,,,,,,,,,,,,,,,,,,,,,,,,
labeled-data,1757487536,img119.png,590.9273814720059,132.68519457377735,583.3220706008914,116.25772309216998,575.4125472949322,78.23116873659737,595.3147990048046,112.03708850418539,568.5763299507169,115.5934366049754,605.0618271328958,142.85877204436537,581.6162729869469,141.54160608110982,606.774142885128,125.73561452204316,568.839763143368,130.87256177873982,,,,,,,,,,,,,,,,,,,,,,,,,,,,,,,,,,,,,,,,,,,,,,,,,,,,,,,,,,,,,,,,,,,,,,,,,,,,,,,,,,,,,,,,,,,,,,,,,,,,,,,,,,,,,,,,,,,,,,,,,,,,,,,,,,,,,,,,,,,,,,,,,,,,,,,,,,,,,,,,,,,,,,,,,,,,,,,,,,,,,,,,,,,,,,,,,,,,,,,,,,,,,,,,,,,,,,,,,,,,,,,,,,,,,,,,,,,,,,,,,,
labeled-data,1757487536,img132.png,582.7831852544444,180.03542220545566,582.5364149807999,170.6581518069641,576.8606986869761,117.35577269974883,596.6023205785373,192.37393588768143,568.4705093830626,192.1271656140369,608.447293713474,160.78734086118348,560.8206309000826,172.63231399612022,605.2392801560953,136.11031349673198,564.2754147311058,138.33124595953262,602.2780368723611,121.55086735170558,560.5738606264381,117.35577269974883,604.0054287878728,148.94236772624674,545.0273333868337,146.96820553709063,,,,,,,,,,,,,,,,,,,,,,,,,,,,,,,,,,,,,,,,,,,,,,,,,,,,,,,,,,,,,,,,,,,,,,,,,,,,,,,,,,,,,,,,,,,,,,,,,,,,,,,,,,,,,,,,,,,,,,,,,,,,,,,,,,,,,,,,,,,,,,,,,,,,,,,,,,,,,,,,,,,,,,,,,,,,,,,,,,,,,,,,,,,,,,,,,,,,,,,,,,,,,,,,,,,,,,,,,,,,,,,,,,,,,,,,,,
labeled-data,1757487536,img138.png,576.9326243537514,192.37019150186703,579.1903978909595,176.56577674141008,585.117053426131,126.33031553852898,587.092605271188,209.30349303092808,559.7171011325394,203.65905918790773,597.8170295729267,196.03907349983027,565.9259783598617,187.29020104314873,611.3636707961755,175.436889972806,554.9193323659721,172.89689474344684,598.6636946493797,128.0236456914351,567.3370868206168,138.46584830102273,619.548099868555,159.91469690450003,542.7837996034783,149.4724942949124,996.5061544126902,230.0535368178661,994.9176176647446,243.73939187708885,990.3963976898228,295.67232402146095,979.3988355886618,210.86890070806277,,,,,,,,,,,,,,,,,,,,,,,,,,,,,,,,,,,,,,,,,,,,,,,,,,,,,,,,,,,,,,,,,,,,,,,,,,,,,,,,,,,,,,,,,,,,,,,,,,,,,,,,,,,,,,,,,,,,,,,,,,,,,,,,,,,,,,,,,,,,,,,,,,,,,,,,,,,,,,,,,,,,,,,,,,,,,,,,,,,,,,,,,,,,,,,,,,,,,,,,,,,,,,,,,,,,,,,,,,,,,,,,,,
labeled-data,1757487536,img140.png,977.5556670583272,230.48710642980114,967.8140169159235,246.4912459494646,936.153653953111,296.9390770440558,970.2494294515244,203.34965246167621,578.5569493736766,317.13856504640944,582.7902747559419,298.7941550565933,593.2324773655296,267.7497689199814,,,,,,,,,,,,,,,,,,,,,,,,,,,,,,,,,,,,,,,,,,,,,,,,,,,,,,,,,,,,,,,,,,,,,,,,,,,,,,,,,,,,,,,,,,,,,,,,,,,,,,,,,,,,,,,,,,,,,,,,,,,,,,,,,,,,,,,,,,,,,,,,,,,,,,,,,,,,,,,,,,,,,,,,,,,,,,,,,,,,,,,,,,,,,,,,,,,,,,,,,,,,,,,,,,,,,,,,,,,,,,,,,,,,,,,,,,,,,,,,,,,,,,
labeled-data,1757487536,img168.png,531.1376492369503,137.79241499397887,542.4890818245981,121.99911748072991,571.6079741146508,85.72388725498618,531.8779600578839,162.22267208478587,506.4606218724988,138.28595554126792,,,,,,,,,,,,,,,,,,,,,,,,,,,,,,,,,,,,,,,,,,,,,,,,,,,,,,,,,,,,,,,,,,,,,,,,,,,,,,,,,,,,,,,,,,,,,,,,,,,,,,,,,,,,,,,,,,,,,,,,,,,,,,,,,,,,,,,,,,,,,,,,,,,,,,,,,,,,,,,,,,,,,,,,,,,,,,,,,,,,,,,,,,,,,,,,,,,,,,,,,,,,,,,,,,,,,,,,,,,,,,,,,,,,,,,,,,,,,,,,,,,,,,,,,,
labeled-data,1757487536,img169.png,531.0835778696173,136.97998893438506,540.7076185417534,121.18669142113609,569.8265108318062,83.67760982716979,533.5512806060625,159.92962438332495,,,,,,,,,,,,,,,,,,,499.08047313480466,480.73772248550904,496.4552929562235,497.9889065161856,492.7050355582503,547.4923041694313,476.5789287469657,464.98664141402173,,,,,,,,,,,,,,,,,,,,,,,,,,,,,,,,,,,,,,,,,,,,,,,,,,,,,,,,,,,,,,,,,,,,,,,,,,,,,,,,,,,,,,,,,,,,,,,,,,,,,,,,,,,,,,,,,,,,,,,,,,,,,,,,,,,,,,,,,,,,,,,,,,,,,,,,,,,,,,,,,,,,,,,,,,,,,,,,,,,,,,,,,,,,,,,,,,,,,,,,,,,,,,,,,,,,,,,,,,,,,,,,,,
labeled-data,1757487536,img172.png,582.5052991571079,325.084639336805,587.26396537239,338.8318972920644,592.5513722782589,391.1772256601673,,,,,,,,,,,,,,,,,,,,,536.3565690419478,132.3641353849596,543.9326673783032,118.31169492236481,566.3504133265732,83.47623477339623,549.5477805240126,139.64346705970334,520.3237728301175,143.25880821771096,567.3404506294585,128.76146986808328,522.7713983553822,126.16160848542884,572.1687646258167,112.23377964978002,,,,,,,580.8151923516169,84.26296118473493,550.7551892751097,71.79905747008563,,,,,,,,,,,,,,,,,,,,,,,,,,,,,,,,,,,,,,,,,,,,,,,,,,,,,,,,,,,,,,,,,,,,,,,,,,,,,,,,,,,,,,,,,,,,,,,,,,,,,,,,,,,,,,,,,,,,,,,,,,,,,,,,,,,,,,,,,,,,,,,,,,,,,,,,,,,,,,,,,,,,,,,,,,,,,,,,,,,,,,,,,,,,,,,,,,,,,,,,,,,,,,,,
labeled-data,1757487536,img176.png,767.2608211538528,206.33774888025732,758.6352291385145,224.71401013032585,740.258967888446,273.0923305641797,762.3854865364876,186.46138467099954,786.387133883516,194.71195094654053,,,,,,,,,,,,,,,,,538.4951198774897,135.8329097983618,544.1205059744494,117.4566485482933,568.8722048010724,80.32910030835897,555.7463039081663,150.83393939025447,521.9939873264077,145.58357903309204,,,,,,,,,,,,,,,,,,,,,,,,,,,,,,,,,,,,,,,,,,,,,,,,,,,,,,,,,,,,,,,,,,,,,,,,,,,,,,,,,,,,,,,,,,,,,,,,,,,,,,,,,,,,,,,,,,,,,,,,,,,,,,,,,,,,,,,,,,,,,,,,,,,,,,,,,,,,,,,,,,,,,,,,,,,,,,,,,,,,,,,,,,,,,,,,,,,,,,,,,,,,,,,,,,,,,,,,,,,,,,,,
labeled-data,1757487536,img178.png,540.7452743162736,141.83332163511886,545.2455831938414,121.95695742586112,563.9968701837072,81.45417752775093,547.8707633724226,155.7092740076196,523.8691160253943,147.45870773207864,553.8711752091797,149.3338364310652,529.1194763825567,140.3332186759296,573.7475394184374,129.45747222180742,529.8695278621515,124.207111864645,582.7481571735731,93.45500120126505,536.6199911785031,92.32992398187311,575.9976938572213,83.3293062267375,541.8703515356656,78.45397160937239,849.0128616279462,143.11585890719482,847.1377329289596,160.74206867766873,845.262604229973,209.1203891115225,859.1385566024737,131.11503523368071,844.137527010581,129.61493227449142,,,,,,,,,,,,,,,,,,,,,,,,,,,,,,,,,,,,,,,,,,,,,,,,,,,,,,,,,,,,,,,,,,,,,,,,,,,,,,,,,,,,,,,,,,,,,,,,,,,,,,,,,,,,,,,,,,,,,,,,,,,,,,,,,,,,,,,,,,,,,,,,,,,,,,,,,,,,,,,,,,,,,,,,,,,,,,,,,,,,,,,,,,,,,,,,,,,,,,,,,,,,,,,,,,,,,,,,,,,,,,,,
labeled-data,1757487536,img187.png,540.7389026719868,169.45047433826986,540.4346902371421,154.84827746573,546.2147264991893,108.30377493450914,555.9495244142158,182.83582147143142,524.0072187555348,181.31475929720852,566.9011720686208,152.41457798697334,521.5735192767783,159.4114639883987,567.2053845034653,137.5081686795889,526.4409182342915,141.76714276741302,561.7295606762628,120.77648476313695,529.1788301478928,115.90908580562366,576.6359699836473,141.76714276741302,507.88395970877207,136.59553137505515,1047.8160978364476,263.6989196962042,1042.9486988789345,287.12327717923694,1037.7770874865766,345.22785223455185,,,,,,,,,,,,,,,,,,,,,,,,,,,,,,,,,,,,,,,,,,,,,,,,,,,,,,,,,,,,,,,,,,,,,,,,,,,,,,,,,,,,,,,,,,,,,,,,,,,,,,,,,,,,,,,,,,,,,,,,,,,,,,,,,,,,,,,,,,,,,,,,,,,,,,,,,,,,,,,,,,,,,,,,,,,,,,,,,,,,,,,,,,,,,,,,,,,,,,,,,,,,,,,,,,,,,,,,,,,,,,,,,,,,
labeled-data,1757487536,img195.png,486.93161040469045,139.80901341641095,506.1796917489626,136.35422958538777,555.7805167515102,115.13198605195943,475.08663726975374,157.57647311881607,475.08663726975374,128.45758082876324,1028.4376304786954,306.47268524246425,1036.9867342229275,332.1199964751601,1054.0849417113914,379.9949774428591,,,,,,,,,,,,,,,,,,,,,,,,,,,,,,,,,,,,,,,,,,,,,,,,,,,,,,,,,,,,,,,,,,,,,,,,,,,,,,,,,,,,,,,,,,,,,,,,,,,,,,,,,,,,,,,,,,,,,,,,,,,,,,,,,,,,,,,,,,,,,,,,,,,,,,,,,,,,,,,,,,,,,,,,,,,,,,,,,,,,,,,,,,,,,,,,,,,,,,,,,,,,,,,,,,,,,,,,,,,,,,,,,,,,,,,,,,,,,,,,,,,,
labeled-data,1757487536,img198.png,449.4089330656373,320.4155272851203,444.65026685035525,346.8525618144652,435.13293441979107,426.69240609308684,,,,,,,,,,,,,,,,,,,,,477.54680416355,147.6340788981878,494.26019876632864,148.00548766713842,548.1144702641708,141.87724297945294,467.5187674018829,166.01881296124424,469.74722001558666,133.70625006253897,477.54680416355,171.03283134207783,,,,,,,,,,,,,,,839.0916876668755,61.806025663412775,,,,,,,,,,,,,,,,,,,,,,,,,,,,,,,,,,,,,,,,,,,,,,,,,,,,,,,,,,,,,,,,,,,,,,,,,,,,,,,,,,,,,,,,,,,,,,,,,,,,,,,,,,,,,,,,,,,,,,,,,,,,,,,,,,,,,,,,,,,,,,,,,,,,,,,,,,,,,,,,,,,,,,,,,,,,,,,,,,,,,,,,,,,,,,,,,,,,,,,,,,,,,,
labeled-data,1757487536,img199.png,435.2203210833263,286.0471578357841,430.8895269079359,312.89808172320477,417.0309855466865,390.8523768802328,,,,,,,,,,,,,,,,,,,,,453.178618143725,166.83884709670733,471.5548793937935,173.58931041305902,513.557762251093,187.09023704576242,438.92764003142696,183.71500538758656,453.9286696233196,151.83781750481467,450.9284637049411,191.2155201835329,465.1794418172391,158.21325508136903,462.55426163865786,206.9666012550202,474.555085312172,143.5872512292737,489.55611490406466,215.21716753056117,510.93258207251176,158.96330656096367,,,,,845.5440567663999,62.035128123383316,840.1393457050079,75.24664405123028,828.1288766796926,118.48433254236578,,,,,,,,,,,,,,,,,,,,,,,,,,,,,,,,,,,,,,,,,,,,,,,,,,,,,,,,,,,,,,,,,,,,,,,,,,,,,,,,,,,,,,,,,,,,,,,,,,,,,,,,,,,,,,,,,,,,,,,,,,,,,,,,,,,,,,,,,,,,,,,,,,,,,,,,,,,,,,,,,,,,,,,,,,,,,,,,,,,,,,,,,,,,,,,,,,,,,,,,,,
labeled-data,1757487536,img202.png,733.6359547258537,70.39557483818687,723.5102597513261,94.39722218521514,729.5106715880831,155.52641777217775,,,,,,,,,,,,,,,,,,,,,866.770092353901,57.64469968507812,862.2697834763333,66.27029170041642,842.7684450068728,103.02281420055344,,,,,,,,,,,,,,,,,,,,,,,,,,,,,,,,,,,,,,,,,,,,,,,,,,,,,,,,,,,,,,,,,,,,,,,,,,,,,,,,,,,,,,,,,,,,,,,,,,,,,,,,,,,,,,,,,,,,,,,,,,,,,,,,,,,,,,,,,,,,,,,,,,,,,,,,,,,,,,,,,,,,,,,,,,,,,,,,,,,,,,,,,,,,,,,,,,,,,,,,,,,,,,,,,,,,,,,,,,,,,,,,,,,,
labeled-data,1757487536,img221.png,975.1713047359556,187.17788522840172,956.6143462104362,183.83154844511134,914.3288177670395,161.92825313630152,983.1934385751292,178.53948661853684,985.4143710379299,194.57955440543032,973.0758573557041,169.16221622004525,965.6727491463686,194.82632467907484,966.1662896936576,147.1996618656834,947.9052894439635,211.85347356054638,939.0215595927609,143.99164830830472,,,,,,,,,,,,,,,,,,,,,,,,,,,,,,,,,,,,,,,,,,,,,,,,,,,,,,,,,,,,,,,,,,,,,,,,,,,,,,,,,,,,,,,,,,,,,,,,,,,,,,,,,,,,,,,,,,,,,,,,,,,,,,,,,,,,,,,,,,,,,,,,,,,,,,,,,,,,,,,,,,,,,,,,,,,,,,,,,,,,,,,,,,,,,,,,,,,,,,,,,,,,,,,,,,,,,,,,,,,,,,,,,,,,,,,,,,,,,,,,
labeled-data,1757487536,img225.png,961.464227765405,152.45388810996923,948.1493110045092,161.54700199545903,902.0342334423822,183.4679015408363,962.4384899674217,137.0280699113704,978.02668519969,152.9410192109776,948.9611961728565,137.35282397870932,960.6523425970577,170.9648699482878,938.244311950672,137.67757804604824,950.90972057689,205.87593218722193,913.0758717319055,149.20634743658,921.5194774827175,193.21052356100398,,,,,,,,,,,,,,,,,,,,,,,,,,,,,,,,,,,,,,,,,,,,,,,,,,,,,,,,,,,,,,,,,,,,,,,,,,,,,,,,,,,,,,,,,,,,,,,,,,,,,,,,,,,,,,,,,,,,,,,,,,,,,,,,,,,,,,,,,,,,,,,,,,,,,,,,,,,,,,,,,,,,,,,,,,,,,,,,,,,,,,,,,,,,,,,,,,,,,,,,,,,,,,,,,,,,,,,,,,,,,,,,,,,,,,,,,,,,,,
labeled-data,1757487536,img227.png,960.131655839714,147.42157268081817,949.9179146935714,158.56383574933724,911.10569833823,182.51970134665325,958.2746119949608,132.56522192279277,974.2451890598381,141.2933279931327,949.3608015401455,137.0221271502004,971.0882145237576,153.9212261374543,936.175790242398,137.39353591915102,968.8597619100539,176.0200478900171,,,920.5766219464713,193.66196441517232,,,,,,,,,,,,,,,,,,,,,,,,,,,,,,,,,,,,,,,,,,,,,,,,,,,,,,,,,,,,,,,,,,,,,,,,,,,,,,,,,,,,,,,,,,,,,,,,,,,,,,,,,,,,,,,,,,,,,,,,,,,,,,,,,,,,,,,,,,,,,,,,,,,,,,,,,,,,,,,,,,,,,,,,,,,,,,,,,,,,,,,,,,,,,,,,,,,,,,,,,,,,,,,,,,,,,,,,,,,,,,,,,,,,,,,,,,,,,,
labeled-data,1757487536,img236.png,922.9104684526116,69.7843938216715,924.3116898388984,84.39713113580527,926.1132601926956,138.2440672659694,,,,,,,,,,,,,,,,,,,,,1177.1569047078951,144.75459080405892,1165.9061325139755,164.63095501331668,1141.9044851669473,226.1351763400766,1164.0188235389687,118.5152341069227,,,,,,,,,,,,,,,,,,,,,,,,,,,,,,,,,,,,,,,,,,,,,,,,,,,,,,,,,,,,,,,,,,,,,,,,,,,,,,,,,,,,,,,,,,,,,,,,,,,,,,,,,,,,,,,,,,,,,,,,,,,,,,,,,,,,,,,,,,,,,,,,,,,,,,,,,,,,,,,,,,,,,,,,,,,,,,,,,,,,,,,,,,,,,,,,,,,,,,,,,,,,,,,,,,,,,,,,,,,,,,,,,,
labeled-data,1757487536,img253.png,801.8401763864092,145.1550960476206,813.9374946976865,155.90826787986705,864.2818900941131,174.11534291401162,790.3538337474187,136.23485123223435,790.109443478504,152.60899924951872,812.9344765197542,130.55046037407618,822.3206835713929,123.45357211552002,,,841.3220295539788,127.80327782237701,856.8893973469408,133.7555066843919,,,,,,,,,,,,,,,,,,,,,,,,,,,,,,,,,,,,,,,,,,,,,,,,,,,,,,,,,,,,,,,,,,,,,,,,,,,,,,,,,,,,,,,,,,,,,,,,,,,,,,,,,,,,,,,,,,,,,,,,,,,,,,,,,,,,,,,,,,,,,,,,,,,,,,,,,,,,,,,,,,,,,,,,,,,,,,,,,,,,,,,,,,,,,,,,,,,,,,,,,,,,,,,,,,,,,,,,,,,,,,,,,,,,,,,,,,,,,,,,
labeled-data,1757487536,img266.png,719.5901086018002,68.50747742196874,725.2400596446842,80.99684288518587,752.4053571198549,122.44158315497883,,,,,,,,,,,,,,,,,,,,,,,,,,,,,,,,,,,,,,,,,,,,,,,,,,,,,,,,,,,,,,,,,,,,,,,,,,,,,,,,,,,,,,,,,,,,,,,,,,,,,,,,,,,,,,,,,,,,,,,,,,,,,,,,,,,,,,,,,,,,,,,,,,,,,,,,,,,,,,,,,,,,,,,,,,,,,,,,,,,,,,,,,,,,,,,,,,,,,,,,,,,,,,,,,,,,,,,,,,,,,,,,,,,,,,,,,,,,,,,,,,,,,,,,,,,,,,
labeled-data,1757487536,img285.png,577.8082934490848,193.7296927922077,590.5848032926637,185.03639743472104,632.4706809241903,150.7900823900766,571.0907470364815,214.672631607971,555.8116218627171,192.41252682895214,588.8724875404315,208.745384773321,572.2761964034115,166.33264075649214,,,,,,,,,,,,,,,,,,,,,,,,,,,,,,,,,,,,,,,,,,,,,,,,,,,,,,,,,,,,,,,,,,,,,,,,,,,,,,,,,,,,,,,,,,,,,,,,,,,,,,,,,,,,,,,,,,,,,,,,,,,,,,,,,,,,,,,,,,,,,,,,,,,,,,,,,,,,,,,,,,,,,,,,,,,,,,,,,,,,,,,,,,,,,,,,,,,,,,,,,,,,,,,,,,,,,,,,,,,,,,,,,,,,,,,,,,,,,,,,,,,,,,
labeled-data,1757487536,img289.png,529.3571277146439,209.33702072158204,545.6112911455305,207.0477019284994,593.915917679574,194.45644856654494,510.5847136113663,225.5911841524687,508.9821904562084,193.08285729069536,538.9722666455909,223.9886609973109,524.5495582491703,197.43256299755234,546.5270186627636,241.61641570404714,550.1899287316958,173.3947156701847,592.3133945244163,220.32575092837868,578.3485498866122,170.64753311848554,582.2403918348526,220.7836146869952,570.1070022315147,167.2135549288616,,,,,,,,,,,,,,,,,,,,,,,,,,,,,,,,,,,,,,,,,,,,,,,,,,,,,,,,,,,,,,,,,,,,,,,,,,,,,,,,,,,,,,,,,,,,,,,,,,,,,,,,,,,,,,,,,,,,,,,,,,,,,,,,,,,,,,,,,,,,,,,,,,,,,,,,,,,,,,,,,,,,,,,,,,,,,,,,,,,,,,,,,,,,,,,,,,,,,,,,,,,,,,,,,,,,,,,,,,,,,,,,,,,,,,,,,,
labeled-data,1757487536,img291.png,528.5436387774714,235.23129060126473,544.8956943736492,228.6208851474907,586.2977074788655,198.00427041422154,517.7582404055242,255.41042303910123,504.88534557449066,226.8813047649186,534.4582120782165,251.931262273957,519.1499047115819,222.0104796937167,553.2456802099954,239.75419959595223,533.0665477721589,197.65635433770714,593.256029009154,220.618815387659,564.3789946584569,179.56471835895718,588.0372878614376,240.7979478254955,550.8102676743944,181.65221481804372,,,,,,,,,,,,,,,,,,,,,,,,,,,,,,,,,,,,,,,,,,,,,,,,,,,,,,,,,,,,,,,,,,,,,,,,,,,,,,,,,,,,,,,,,,,,,,,,,,,,,,,,,,,,,,,,,,,,,,,,,,,,,,,,,,,,,,,,,,,,,,,,,,,,,,,,,,,,,,,,,,,,,,,,,,,,,,,,,,,,,,,,,,,,,,,,,,,,,,,,,,,,,,,,,,,,,,,,,,,,,,,,,,,,,,,,,,
labeled-data,1757487536,img294.png,538.7958378060031,270.4039622907078,547.0939833745131,257.7591690434545,576.3350677587864,210.34119436625454,541.8253195214909,292.53235047340115,518.1163321828908,276.59464231800894,553.2846634018142,283.83905511591445,528.6536598889353,254.46625413531564,569.2223715572063,267.37448057522005,525.0973117881452,240.37257832848118,590.4310346446271,220.67638759972576,552.9284606648955,205.67535800783313,595.5856755327577,249.0503387542929,530.1286193447887,214.62032754838867,,,,,,,,,,,,,,,,,,,,,,,,,,,,,,,,,,,,,,,,,,,,,,,,,,,,,,,,,,,,,,,,,,,,,,,,,,,,,,,,,,,,,,,,,,,,,,,,,,,,,,,,,,,,,,,,,,,,,,,,,,,,,,,,,,,,,,,,,,,,,,,,,,,,,,,,,,,,,,,,,,,,,,,,,,,,,,,,,,,,,,,,,,,,,,,,,,,,,,,,,,,,,,,,,,,,,,,,,,,,,,,,,,,,,,,,,,
labeled-data,1757487536,img296.png,551.8477058852739,291.72643597063825,555.5492599899416,271.491273531788,570.108706134968,226.08554318119718,564.6797601147887,309.74066594668784,533.8334759092243,305.7923415683756,572.8231791450577,299.86985500090725,537.535030013892,277.90730064654537,574.0570305132802,269.5171113426319,533.3399353619352,271.2445032581435,589.6035577528846,239.16436768435648,548.6396923278952,218.92920524550627,602.4356119823995,259.64630039685125,526.4303676998888,243.8530028836023,,,,,,,,,,,,,,,,,,,,,,,,,,,,,,,,,,,,,,,,,,,,,,,,,,,,,,,,,,,,,,,,,,,,,,,,,,,,,,,,,,,,,,,,,,,,,,,,,,,,,,,,,,,,,,,,,,,,,,,,,,,,,,,,,,,,,,,,,,,,,,,,,,,,,,,,,,,,,,,,,,,,,,,,,,,,,,,,,,,,,,,,,,,,,,,,,,,,,,,,,,,,,,,,,,,,,,,,,,,,,,,,,,,,,,,,,,
labeled-data,1757487536,img298.png,576.0844619748627,308.5355932391665,571.425336432527,293.00517476471396,561.0717241162254,241.49595349111326,598.6781057069086,316.54842598696996,572.3741508287128,329.10258626974525,588.0136394555032,300.8564807537623,561.9779252913622,311.3547525941417,600.6115656639583,290.1482434765754,544.3408285995249,299.38672269610925,588.4335703291183,239.75653864275444,542.8710705418719,263.48263300201177,601.0314965375735,252.77439572482484,532.7927295751076,277.9702481417353,,,,,,,,,,,,,,,,,,,,,,,,,,,,,,,,,,,,,,,,,,,,,,,,,,,,,,,,,,,,,,,,,,,,,,,,,,,,,,,,,,,,,,,,,,,,,,,,,,,,,,,,,,,,,,,,,,,,,,,,,,,,,,,,,,,,,,,,,,,,,,,,,,,,,,,,,,,,,,,,,,,,,,,,,,,,,,,,,,,,,,,,,,,,,,,,,,,,,,,,,,,,,,,,,,,,,,,,,,,,,,,,,,,,,,,,,,
labeled-data,1757487536,img300.png,607.8828861971177,323.67932821823564,595.7494965937798,309.02768794250676,563.9279653699313,267.3620859084029,629.8603466107111,319.78748626999516,612.2325919039747,346.5725161490619,612.0036600246665,309.25661982181504,593.6891096800055,337.6441728560397,599.6413385420203,290.48420571853745,560.265055300999,317.95603123552905,589.797267731765,259.8073338912302,559.5782596630743,292.77352451162005,607.196090559193,261.8677208050046,547.9027338183528,316.12457620106295,,,,,,,,,,,,,,,,,,,,,,,,,,,,,,,,,,,,,,,,,,,,,,,,,,,,,,,,,,,,,,,,,,,,,,,,,,,,,,,,,,,,,,,,,,,,,,,,,,,,,,,,,,,,,,,,,,,,,,,,,,,,,,,,,,,,,,,,,,,,,,,,,,,,,,,,,,,,,,,,,,,,,,,,,,,,,,,,,,,,,,,,,,,,,,,,,,,,,,,,,,,,,,,,,,,,,,,,,,,,,,,,,,,,,,,,,,
labeled-data,1757487536,img301.png,611.6711822628217,326.3353116669754,595.6311144759281,310.2952438800819,564.2912897230748,270.565229823315,634.8675879854061,323.6208386568857,612.1647228101107,347.5575552004037,628.4515608706487,312.51617634288255,593.6569522867721,337.4399739809786,605.2551551480643,294.0084058195439,573.1750195742773,323.37406838324125,590.2021684557488,263.16212161397954,560.8365058920516,300.4244329343013,612.4114930837552,266.6169054450027,547.5109111152477,318.4386629103509,,,,,,,,,,,,,,,,,,,,,,,,,,,,,,,,,,,,,,,,,,,,,,,,,,,,,,,,,,,,,,,,,,,,,,,,,,,,,,,,,,,,,,,,,,,,,,,,,,,,,,,,,,,,,,,,,,,,,,,,,,,,,,,,,,,,,,,,,,,,,,,,,,,,,,,,,,,,,,,,,,,,,,,,,,,,,,,,,,,,,,,,,,,,,,,,,,,,,,,,,,,,,,,,,,,,,,,,,,,,,,,,,,,,,,,,,,
labeled-data,1757487536,img308.png,664.600152640533,292.91340791523294,644.8585307489718,300.31651612456847,598.7124895774474,310.9276378912826,668.3017067452007,270.9508535608711,687.0562475421839,296.1214214726117,651.2745578637291,285.5102997058975,672.2500311235129,304.5116107765252,642.8843685598156,279.34104286478464,645.5988415699053,339.7997599076908,614.7525573643409,278.10719149656205,600.1931112193145,322.2790704789303,,,,,,,,,,,,,,,,,,,,,,,,,,,,,,,,,,,,,,,,,,,,,,,,,,,,,,,,,,,,,,,,,,,,,,,,,,,,,,,,,,,,,,,,,,,,,,,,,,,,,,,,,,,,,,,,,,,,,,,,,,,,,,,,,,,,,,,,,,,,,,,,,,,,,,,,,,,,,,,,,,,,,,,,,,,,,,,,,,,,,,,,,,,,,,,,,,,,,,,,,,,,,,,,,,,,,,,,,,,,,,,,,,,,,,,,,,,,,,
labeled-data,1757487536,img309.png,667.3225063605094,287.65169170906404,647.5486980956116,297.08227718924604,606.7842318264377,316.24766058445465,672.1150485067892,264.93035322657283,690.8695893037723,290.3476914119579,656.0749807198956,283.4381237499115,685.934183830882,303.6732861887617,658.7894537299853,272.5802317095528,651.879886067939,335.0131109416151,615.8514261158398,278.00917772973213,637.8139804702016,330.3244757423694,,,,,,,,,,,,,,,,,,,,,,,,,,,,,,,,,,,,,,,,,,,,,,,,,,,,,,,,,,,,,,,,,,,,,,,,,,,,,,,,,,,,,,,,,,,,,,,,,,,,,,,,,,,,,,,,,,,,,,,,,,,,,,,,,,,,,,,,,,,,,,,,,,,,,,,,,,,,,,,,,,,,,,,,,,,,,,,,,,,,,,,,,,,,,,,,,,,,,,,,,,,,,,,,,,,,,,,,,,,,,,,,,,,,,,,,,,,,,,
labeled-data,1757487536,img312.png,728.3078030929768,259.721789952519,714.478940177577,271.85732271501274,675.5323466607365,309.39280777109803,733.6700152438461,236.57961119613555,752.2966469258133,259.15734656821695,718.7122655598422,246.17514872927015,747.498878159246,270.7284359464087,683.152332348814,262.54400687402915,704.8834026444423,305.44170408098375,665.6545874354509,267.90621902489846,695.0056434191567,312.77946807691023,,,,,,,,,,,,,,,,,,,,,,,,,,,,,,,,,,,,,,,,,,,,,,,,,,,,,,,,,,,,,,,,,,,,,,,,,,,,,,,,,,,,,,,,,,,,,,,,,,,,,,,,,,,,,,,,,,,,,,,,,,,,,,,,,,,,,,,,,,,,,,,,,,,,,,,,,,,,,,,,,,,,,,,,,,,,,,,,,,,,,,,,,,,,,,,,,,,,,,,,,,,,,,,,,,,,,,,,,,,,,,,,,,,,,,,,,,,,,,
labeled-data,1757487536,img316.png,754.2909801061792,205.01280145695847,745.4833028209479,218.62466635231596,719.2604454490092,264.06427416475924,747.6852221422557,184.19465514641175,771.7061601928865,197.00582210674818,734.8740551819193,202.61070765189538,765.5007511964736,218.02414290105017,715.4571302576594,220.02588773860273,772.9072070954181,237.8414167928206,706.6494529724281,235.43932298775752,738.6773703732691,279.47770941391406,708.8513722937358,231.03548434514187,757.2935973625081,258.05903965210155,,,,,,,,,,,,,,,,,,,,,,,,,,,,,,,,,,,,,,,,,,,,,,,,,,,,,,,,,,,,,,,,,,,,,,,,,,,,,,,,,,,,,,,,,,,,,,,,,,,,,,,,,,,,,,,,,,,,,,,,,,,,,,,,,,,,,,,,,,,,,,,,,,,,,,,,,,,,,,,,,,,,,,,,,,,,,,,,,,,,,,,,,,,,,,,,,,,,,,,,,,,,,,,,,,,,,,,,,,,,,,,,,,,,,,,,,,
labeled-data,1757487536,img317.png,749.1645960949694,185.9244603570467,746.4174135432702,202.8654194258582,729.705386353767,249.79645468405215,736.5733427330149,166.46525061584435,767.0212826810139,171.5017519606261,734.5129558192406,192.33455297767807,769.0816695947883,190.50309794321197,716.656269233196,187.75591539151281,774.3471028188783,236.2894738048646,706.3543346643241,235.60267816693982,761.2979856983073,239.03665635656375,,,,,,,,,,,,,,,,,,,,,,,,,,,,,,,,,,,,,,,,,,,,,,,,,,,,,,,,,,,,,,,,,,,,,,,,,,,,,,,,,,,,,,,,,,,,,,,,,,,,,,,,,,,,,,,,,,,,,,,,,,,,,,,,,,,,,,,,,,,,,,,,,,,,,,,,,,,,,,,,,,,,,,,,,,,,,,,,,,,,,,,,,,,,,,,,,,,,,,,,,,,,,,,,,,,,,,,,,,,,,,,,,,,,,,,,,,,,,,
labeled-data,1757487536,img324.png,814.814943555961,149.24689431699468,797.8235026299644,161.1013879862947,760.4159892735066,189.02530640731243,814.4424350601624,135.94157810438864,838.4633731107933,145.75012780839623,802.6321405186023,138.74402087696222,819.2466226702886,165.3672272164114,776.4092831466637,139.344544328228,824.2509847641701,175.37595140417426,749.5859023234592,165.76757618392193,770.4040486340059,199.3968894548051,,,,,,,,,,,,,,,,,,,,,,,,,,,,,,,,,,,,,,,,,,,,,,,,,,,,,,,,,,,,,,,,,,,,,,,,,,,,,,,,,,,,,,,,,,,,,,,,,,,,,,,,,,,,,,,,,,,,,,,,,,,,,,,,,,,,,,,,,,,,,,,,,,,,,,,,,,,,,,,,,,,,,,,,,,,,,,,,,,,,,,,,,,,,,,,,,,,,,,,,,,,,,,,,,,,,,,,,,,,,,,,,,,,,,,,,,,,,,,
labeled-data,1757487536,img325.png,822.4498902718963,150.48623380782928,807.4921405878923,160.3639930331149,761.7722264594275,184.6350585581024,826.6832156541616,131.85960212586215,847.5676208733369,151.33289888428234,810.5965792015536,142.5840264276008,838.8187484166552,166.29064856828626,775.8833110669784,138.91514442963756,825.2721071934064,174.75729933281679,769.109990455354,152.17956396073538,770.521098916109,200.15725162640834,762.6188915358806,139.1973661217886,803.8232585899291,205.8016854694287,,,,,,,,,,,,,,,,,,,,,,,,,,,,,,,,,,,,,,,,,,,,,,,,,,,,,,,,,,,,,,,,,,,,,,,,,,,,,,,,,,,,,,,,,,,,,,,,,,,,,,,,,,,,,,,,,,,,,,,,,,,,,,,,,,,,,,,,,,,,,,,,,,,,,,,,,,,,,,,,,,,,,,,,,,,,,,,,,,,,,,,,,,,,,,,,,,,,,,,,,,,,,,,,,,,,,,,,,,,,,,,,,,,,,,,,,,
labeled-data,1757487536,img330.png,828.0765123026716,145.5653773805369,822.1540257352033,161.60544516743036,796.4899172761737,206.2708646970876,819.9330932724026,128.78499877270986,844.1165800895651,135.44779616111177,810.5558228739111,136.92841780297886,844.8568909104987,146.05891792782592,815.737998620446,143.59121519138077,852.7535396671232,167.0343911876097,786.3723360567486,164.07314790387554,,,,,,,,,,,,,,,,,,,,,,,,,,,,,,,,,,,,,,,,,,,,,,,,,,,,,,,,,,,,,,,,,,,,,,,,,,,,,,,,,,,,,,,,,,,,,,,,,,,,,,,,,,,,,,,,,,,,,,,,,,,,,,,,,,,,,,,,,,,,,,,,,,,,,,,,,,,,,,,,,,,,,,,,,,,,,,,,,,,,,,,,,,,,,,,,,,,,,,,,,,,,,,,,,,,,,,,,,,,,,,,,,,,,,,,,,,,,,,,,
labeled-data,1757487536,img332.png,835.952572159307,135.53750595068476,827.2036997026255,152.4708074797458,800.3926389482788,190.85295761228414,830.5903600084376,121.14419965098287,850.0636567668579,132.15084564487253,813.9392801715277,128.76418533906033,852.8858736883681,159.24412809137021,807.4481812520543,132.9975107213256,,,788.257106185785,162.6307883971824,809.4237330971114,197.62627822390857,781.7660072663117,167.7107788559007,848.0881049218008,201.29516022187178,,,,,,,,,,,,,,,,,,,,,,,,,,,,,,,,,,,,,,,,,,,,,,,,,,,,,,,,,,,,,,,,,,,,,,,,,,,,,,,,,,,,,,,,,,,,,,,,,,,,,,,,,,,,,,,,,,,,,,,,,,,,,,,,,,,,,,,,,,,,,,,,,,,,,,,,,,,,,,,,,,,,,,,,,,,,,,,,,,,,,,,,,,,,,,,,,,,,,,,,,,,,,,,,,,,,,,,,,,,,,,,,,,,,,,,,,,
labeled-data,1757487536,img334.png,841.155336805831,122.12220138430794,833.99899887014,139.1493502657795,807.5945795901769,171.22948583956645,,,,,,,,,,,,,,,,,,,,,,,,,,,,,,,,,,,,,,,,,,,,,,,,,,,,,,,,,,,,,,,,,,,,,,,,,,,,,,,,,,,,,,,,,,,,,,,,,,,,,,,,,,,,,,,,,,,,,,,,,,,,,,,,,,,,,,,,,,,,,,,,,,,,,,,,,,,,,,,,,,,,,,,,,,,,,,,,,,,,,,,,,,,,,,,,,,,,,,,,,,,,,,,,,,,,,,,,,,,,,,,,,,,,,,,,,,,,,,,,,,,,,,,,,,,,,,
labeled-data,1757487536,img336.png,843.0097059895672,96.14638115156848,839.5997882825086,114.49498595621759,822.5501997472152,153.95260513789665,,,,,,,,,,,,,,,,,,,,,,,,,,,,,,,,,,,,,,,,,,,,,,,,,,,,,,,,,,,,,,,,,,,,,,,,,,,,,,,,,,,,,,,,,,,,,,,,,,,,,,,,,,,,,,,,,,,,,,,,,,,,,,,,,,,,,,,,,,,,,,,,,,,,,,,,,,,,,,,,,,,,,,,,,,,,,,,,,,,,,,,,,,,,,,,,,,,,,,,,,,,,,,,,,,,,,,,,,,,,,,,,,,,,,,,,,,,,,,,,,,,,,,,,,,,,,,
labeled-data,1757493519,img004.png,1076.4447722224531,315.3897203922486,1059.639650448517,311.0435682093341,1011.5422329575966,294.528189914259,1092.6704070386672,299.7435725337564,1090.6422026866405,333.0640726027675,1069.4909287297899,298.8743420971735,1061.3781113216828,332.1948421661847,1068.331954814346,284.9666551118471,1058.4806765330732,342.0461204474575,1028.3473547315327,269.3205072533549,1002.5601851129067,312.7820290824999,1026.319150379506,282.64870728095934,1019.0755634079817,323.50253780035564,641.7910043282468,301.37161496017484,631.8730677905376,284.89504297010956,612.6770615885198,240.2643285504183,656.5004868598616,302.0326524755285,647.8235497617795,323.133385873137,655.3172681646686,291.3836842187914,635.9913628098495,310.31518334187945,659.2613304819786,283.2983564683059,605.4248798506969,294.93334030437046,644.471096792066,241.6884990206853,590.8318492766499,253.91509220434634,637.9633939685045,242.0829052524163,595.5647240574219,261.2116074913699,617.6386114222223,127.40434020119665,618.5469412343492,110.27583517251786,650.8575302657206,74.46168829437133,633.7290252370418,147.12807326452372,609.3338817113478,145.960220648932,,,,,,,,,,,,,,,,,,,,,,,,,,,,,,,,,,,,,,,,,,,,,,,,,,,,,,,,,,,,,,,,,,,,,,,,,,,,,,,,,,,,,,,,,,,,,,,,,,,,,,,,,,,,,,,,,,,,,,,,,,,,,,,,,,,,,,,,,,,,,,,,,,,,,,,,,,,,,,,,,,,,,,,,,,,,,,,,,,,,,,,,,,,,,,,,,,,,,,
labeled-data,1757497423,img009.png,228.41379774136018,558.2591306829547,241.70788167438857,547.2770613469747,283.32414442126003,519.8218880070249,225.23477767041862,576.755247459342,209.05067549107974,548.72207047013,245.17590356996118,562.0161544031585,231.3038159876707,540.0520157311985,258.7589893276206,570.68620914209,237.37285430492278,515.1978588129281,294.0172119326089,544.6760449252953,272.92007873454213,497.8577493350649,281.87913529810476,538.8960084326743,265.98403494339686,511.72983691735544,710.894116736991,661.4490754310292,729.8830895173783,656.2915766511709,776.5350102988234,635.8960132944587,698.9380968382288,680.6724799741372,688.6230992785122,650.8996461085918,727.3043401274492,678.0937305842081,703.6267320926454,638.0058991589461,738.557064738049,686.5332740421579,731.7585436191449,625.1121522093006,787.5533031467025,664.7311201091208,757.5460375184363,614.3282911241423,775.8317150106609,666.8410059736083,762.000241010132,623.2366981075338,330.7840828681368,387.97595353825454,346.9598744958741,382.81845475839634,392.2052047009943,357.9686879099883,,,,,342.50567100417834,398.29095109797106,328.4397652409285,370.862434859634,347.6631697840366,410.9502662848959,335.00385459711174,354.6866432318967,370.1686190052362,329.83687638348874,,,,,,,608.5241590300213,215.36768420786697,619.3080201151795,227.79256763207098,652.1284668960957,265.06721790468293,596.568139131259,213.49223010610035,614.6193848607629,202.70836902094214,,,,,593.5205262158883,251.93903919231647,635.7182435056377,208.5691630889629,632.436198827546,273.7411931253537,659.3958515404415,238.81086047994998,615.7915436743671,274.4444884135162,664.7877820830206,233.65336170009172,734.5496059537791,231.27198615236586,745.1988885403828,217.96038291911123,773.3434210906925,177.26491017744706,735.8807662771045,251.80988828367305,711.539548936296,236.40646168519265,751.2841928755848,244.58358938562048,720.6675054390992,219.10137748196163,778.8582281444694,225.75717909858895,726.1823124928761,193.04866829687757,793.3108259405744,191.7175079735521,749.0022037498841,171.9402688841452,789.317344970598,201.79629327873062,744.2480597380074,175.93374985412163,624.5852812749791,141.9947458922079,609.9307530218475,154.33540126326614,576.7652417121286,169.14418770853598,625.202314043532,127.9572504076292,638.1600021831432,134.89886905384944,611.1648185589534,131.9679634032231,,,599.8820326136241,132.92525210649868,570.3511714392212,138.55613665246534,,,,,,,,,903.9546676234133,97.02537746835249,884.5915453731328,102.51641213634248,845.8653008725719,121.30153073736084,,,,,,,,,,,,,,,,,,,,,,,,,,,,,,,,,,,,,,,,,,,,,,,,,,,,,,,,,,,,,,,,,,,,,,,,,,,,,,,,,,,,,,,,,,,,,,,,,,
labeled-data,1757497423,img035.png,607.9043686104649,459.0578274523955,625.0178872890855,470.31055206299527,670.2632174942057,495.3947506741241,585.6333511519861,466.55964385946197,603.6845968814899,439.1311276211249,598.2926663389109,475.70248260557435,629.4720907807812,444.7574899264248,615.4061850175315,495.6291824368449,650.8053811883767,446.63294402819145,650.570949425656,513.445996403628,673.779693935018,462.5743038932079,644.0068600694726,506.6474752847239,667.2156045788349,470.31055206299527,343.24379285404177,580.6178951374247,321.857657831344,577.7278768911142,281.39740238299675,566.4568057305032,359.71689685801175,564.7227947827168,361.7399096304291,597.3800009660258,340.3537746077312,566.7458075551342,335.15174176437233,605.7610538803262,335.4407435890034,548.538692603378,324.74767607765443,603.7380411079089,306.8295629505293,541.6026488122328,282.2644078568899,591.3109626487737,296.7144990884425,546.8046816555917,290.0674571219283,597.3800009660258,277.351376838162,533.5105977225634,291.2234644204525,518.1935010171176,321.857657831344,481.7792711136051,279.3743896105794,551.1397090250575,256.25424364009524,533.5105977225634,298.15950821159777,539.8686378644466,263.7682910805026,518.7715046663798,310.2975848461019,532.6435922486702,272.72734764406516,505.4774207333513,339.4867691338381,500.27538788999243,296.1364954391804,461.2601415648005,327.9266961485961,508.6564408042929,295.2694899652872,478.3112492180325,615.9173240602281,205.6041467458214,624.0944517606559,219.48624726050122,654.1406419157164,260.56205152311554,593.8580958451204,196.28602448254316,621.24196535353,183.16458700976358,,,594.2384273660705,227.28304343997894,640.4487071615116,210.73862227864817,,,633.7929055448843,271.59166563066935,657.9439571252177,238.88315482895797,613.2550034135771,266.2670243373675,669.9244000351468,230.70602712853014,809.6309109313448,201.01979276245484,789.0930088000378,200.06896396007951,743.4532262860218,195.31481994820285,823.5130114460247,182.38354823589836,829.4081500207517,215.2822247980848,802.0242805123422,186.5671949663498,810.7719054941953,214.33139599570947,794.6078158538146,181.432719433523,784.3388647881611,232.7774747617909,771.7879245968068,165.64896131409253,744.4040550883972,225.17084434278826,759.2369844054523,171.9244314097697,754.8631719145258,217.56421392378562,923.1002287077888,129.34196341808143,910.1425405681777,135.9750656800252,859.0830789704244,136.12932387216344,,,,,,,,,,,,,,,,,,,,,658.4969977840992,156.77181100761416,641.1919135808681,161.90628654044093,589.6569924921253,155.63081644476375,676.3725792687554,144.22087081625978,672.569264059254,165.70960174994227,646.51655487417,136.61424039725713,,,623.1261663357369,137.3749034391574,,,608.2932370186817,137.75523496010752,,,,,,,,,,,,,,,,,,,,,,,,,,,,,,,,,,,,,,,,,,,,,,,,,,,,,,,,,,,,,,,,,,,,,,,,,,,,,,,,,,,,
labeled-data,1757497423,img068.png,389.19741227929717,465.4128755932062,376.0152577022201,480.7326768584579,349.65094854806597,521.7042383818057,391.33505896747187,444.03640871145956,412.71152584921845,462.20640556094423,368.5334942936088,458.9999355286822,413.7803491933058,473.9634623459048,352.14486968426974,463.27522890503155,396.67917568790847,508.87835825275766,333.9748728347851,511.0160049409323,374.23388546207457,532.3924718226789,331.48095169858135,483.2265979946617,377.4403554943366,518.1414939015144,462.23367412526477,474.31973679393394,481.4724943188367,464.700326697148,524.2254280823299,441.1862131272267,455.46445961271166,494.27110588356413,442.9948539316928,468.2630711774391,478.26602428657475,484.29542133874907,449.0515195481877,455.080916600362,500.3550400643795,487.501891371011,,,532.0634659389704,473.2509134498466,510.3307246091946,426.5789607580332,518.168762465835,475.38856013802126,492.16072775970997,421.59111848562566,521.3019501475684,346.15193341323777,504.6572949943894,356.23249921023347,470.43025763714826,389.05294599114967,530.6792206564016,324.3497794802006,544.5106946569306,352.24715924397935,511.6902478760144,335.83693585352125,530.4447888936808,357.63908978655843,494.3422974346729,334.1959135144755,519.8953595712434,382.72328839768727,459.64639655199005,362.79658856641674,500.9063867908562,394.4448765337288,459.1775330265484,344.04204754875036,496.21775153643955,402.6499882289578,621.7699353310987,187.78879293030002,625.7634163010752,204.7135456125809,646.1111526719072,251.8746542103973,614.5436364330462,167.631222319943,642.3078374624059,175.42801849942072,609.4091609002195,189.88061629552573,636.6028646481539,191.02161085837614,604.2746853673926,209.8480211454077,648.2029760371329,197.2970809540533,624.8125874986998,260.4321134317753,656.7604352585109,236.0908960909668,602.373027762642,245.02868683329496,666.8392205636894,222.208795576287,687.1883473701547,153.82308875484856,669.140138889982,161.69025655389817,623.9424885934814,154.28586333126322,700.300293701904,134.69507292970832,707.8589451166772,148.26979383787236,677.1615648811699,134.38655654543186,,,651.8632213705005,136.70042942750527,,,624.7137795541724,137.3174621960582,,,,,,,976.9622219685792,275.8704373840936,990.1384185730906,298.70917816524656,1024.39652974482,354.48841045767784,,,,,,,,,,,,,,,,,,,,,862.3716668734983,145.65072592078616,852.42434716885,159.04915654337375,819.1312771369657,184.83098516562563,,,883.289686880357,147.69124433114519,848.2991869529448,133.23864653504017,871.8797412518529,138.75345358881708,837.459738605866,139.3239508702423,806.4627196484302,161.1930133248749,,,,,,,,,,,,,,,,,,,,,,,,,,,,,,,,,,,,,,,,,,,,,,,,,,,,,,,,,,,,,,,,,,,,,,,,,,,,,,,,,,,,,,
labeled-data,1757497423,img083.png,435.8069197070696,486.10325629909744,448.2339981662048,469.0521486458654,486.3822390175036,434.9499333394013,441.2979543750596,507.7783931464263,413.26477738584754,491.01628731782534,451.70202006177743,488.41527089614584,,,,,,,496.20830105495935,476.5661960862727,,,,,,,494.47429010717303,411.25178371965507,471.0651423120579,408.0727636487135,429.15987774055543,415.00880743985874,515.8604251298709,400.8477180329372,508.6353795140946,431.48191144382866,502.56634119684253,393.0446687678988,491.00626821160046,429.16989684678026,459.2160675021848,378.3055757117152,466.73011494259214,432.34891691772185,,,434.0729087592833,444.486993552226,438.98593977801113,385.24161950286043,435.8069197070696,423.96786400342137,628.958442498432,242.58121960413393,608.800871888075,249.80751850218644,568.4857306673609,277.381553771071,627.6272821751065,223.75480931710234,653.8701571206657,241.0598935203334,618.4993256723034,230.03027941277955,628.5781109774819,257.60431468166416,585.7908148705919,228.50895332897903,634.0929180312587,275.4798961663204,570.1972225116365,244.10254568793442,597.7712577805212,287.4603390762495,568.675896427836,232.12210277800529,596.0597659362455,295.44730101620235,636.4708071899851,170.74093982696826,638.3219054956438,185.5497262722381,644.3379749890347,236.30067148571501,618.114082325536,159.17157541660117,647.8859134082139,151.92144038610445,621.8162789368535,168.73558332917128,654.056241093743,163.799321180748,609.7841399500717,187.55508277003509,611.9384435977045,222.9589321417864,654.3705926501748,233.9772249896654,608.6563989196129,217.09813807376563,677.3449053968161,215.45711573471982,,,715.7259812980043,144.53805700950335,700.702886220474,151.0036928656556,656.2040982693086,147.77087493757946,722.9522801960568,130.0854592133983,735.5032203874111,140.9249075604771,706.0275275137759,128.9444646505479,687.0109514662693,129.13463041102298,,,,,662.2894026045108,135.41010050670016,,,,,,,919.9952071183035,186.51963031263722,916.1918919088022,203.6345487553932,904.7819462802981,256.12029864651146,913.1492397412011,168.2637173070309,940.1527777286606,173.2080270793826,903.4507859569727,185.75896727073697,941.1036065310359,187.8507906359627,892.0408403284688,196.02791833639054,939.3921146867602,215.61499166532235,881.7718892628152,221.70029600052447,,,,,,,866.2162743433296,143.27789763911406,854.9964944753007,156.5895008723687,822.2879836735892,170.85193290799864,862.2227933733532,129.3957971244342,891.3181547260383,135.1007699386862,854.0456656729253,134.72043841773606,,,841.3045597210959,137.57292482486207,826.6617961645159,140.99590851341324,,,,,,,,,,,887.4877020859334,118.68500939601273,,,,,,,,,,,,,,,,,,,,,,,,,,,960.3161618929585,87.47281233585917,888.9327112090887,81.69277584323814,,,,,,,,,,,,,,,,,,,,,,,,,,,,,,,,,,,,,,,,,,,,
labeled-data,1757497423,img093.png,421.883119361892,484.10973850722314,433.9964505948817,467.72111389788404,473.89918877414203,435.6564135752642,426.5146871862704,504.0611075968533,401.21920137620356,490.5226785717471,437.9154695232019,495.51052084415466,,,446.1097818278715,494.44169750006733,,,,,,,,,,,183.53551363041728,476.98424954664097,168.21571236516553,464.15836941759295,145.05787324327338,422.117984550158,210.96864612865875,481.9720918190485,187.0982581107084,499.07326532444574,203.84315716807657,455.60778266489433,,,190.30472814297036,441.3568047437299,,,176.41002466983508,421.40543565409973,,,,,,,200.4771678671341,668.7904354301886,201.1804631552966,689.4204305496216,204.4625078333882,717.3178103134004,188.0522844429301,653.083507327893,214.30864186766308,654.0212343787763,184.30137623939683,664.3362319384928,221.5760265120088,680.51202356623,183.36364918851353,692.2336117022716,234.23534169893364,678.8710012271843,,,,,,,,,575.3785927109861,357.9898216815666,559.4372328459697,368.0703874785622,520.2871284715911,395.0300401914577,580.0672279654027,335.7188042230877,601.1660866102775,360.5685710714957,566.9390492530363,341.8140300538293,584.2869996943778,382.13629324181204,536.6973518620492,357.0520946306832,558.2650740323655,411.67469534463663,508.7999720982704,369.71140981760806,551.4665529134616,405.81390127661587,515.1296296917328,366.1949333767956,537.6350789129325,406.04833303933674,,,,,,,,,,,,,,,,,,,,,,,,,,,823.6937409579281,415.89044636283745,828.8512397377864,434.8794191432247,847.371348992732,485.28224812820315,803.2981776012159,403.23113117591265,832.1332844158779,403.9344264640751,,,,,,,,,,,,,,,,,682.7459361958095,236.66127367371206,662.8192363645388,240.41218187724536,615.4640202949312,248.6172935724744,697.9840007726634,221.4232090968581,706.657975993334,245.80411241982443,672.6653703988137,221.4232090968581,692.8265019928051,257.5257005558659,647.8156035504057,223.06423143590393,660.2404869746097,273.23262865816156,626.4823131428102,223.53309496134557,620.8559508375102,277.2179686244157,632.8119707362725,214.3902562152332,638.9071965670141,276.9835368616948,627.8889037191352,152.03140733149246,633.9841295498768,171.95810716276299,652.973102330264,213.92139268979156,612.1819756168395,138.19993333096346,637.0317424652476,134.4490251274302,615.4640202949312,158.8299284503965,646.4090129740807,142.65413682265924,610.0720897523521,188.13389879050027,662.3503728390972,166.5661766201839,619.2149284984645,216.96900560516235,672.6653703988137,212.74923387618742,617.1050426339771,208.7638939099333,677.8228691786719,187.19617173961694,877.2869824793684,133.45575574897475,866.737553156931,144.7084803595746,827.3530170198314,167.91722486893676,,,,,,,,,,,,,,,,,,,,,749.1554294015817,153.96607793570126,730.1664566211945,159.59244024100119,681.4046499752618,142.71335332510142,766.737811605644,140.1346039351723,764.3934939784357,160.06130376644285,740.9503177063526,135.21153691803485,,,717.5071414342697,131.46062871450158,,,697.5804416029991,130.99176518905992,,,,,,
labeled-data,1757497423,img103.png,371.23617495010444,479.9911358351438,389.75628420505,470.6138653263106,439.6902496645868,456.31352780033995,361.39004091582956,502.96544858178515,349.1995892543464,474.8336370552855,387.64639834056254,492.65045102206864,363.7343585430379,466.39409359733565,400.77457705292903,505.54419797171425,390.92844301865415,445.29523495246093,436.4082049864952,483.2731805132354,426.3276391894995,437.0901232572319,422.811162748687,486.08636166588536,403.587758205579,433.57364681641945,203.31384728408634,584.3288379801561,205.65816491129462,600.0357660824518,223.00611535263604,643.1712104230844,187.13805565634905,567.2153193015356,215.97316247101114,572.3728180813938,194.17100853797396,580.343498013902,222.06838830175272,584.3288379801561,,,236.13429406500254,594.174972014431,,,246.2148598619982,621.8379200154889,,,,,604.5111535594833,250.25352456628235,596.9525021447101,260.74308163168183,572.0162459043345,304.6423503072862,603.539317074932,227.0247095187504,629.5494812917266,242.63080804882713,592.268245914321,239.74078980251664,624.6364502729988,262.8609357730008,560.4780452049054,265.7509540193113,625.5034557468919,277.88903065381544,557.5880269585948,275.288014232136,597.4702787576799,322.1063098223663,554.1200050630222,284.24707079569856,589.6672294926416,307.07821494155166,724.9200834199737,222.68968214928458,706.7129684682175,224.71269492170194,658.4496637548318,234.8277587837888,740.5261819500504,207.3725854438389,741.3931874239436,231.07073506358512,720.0070524012458,209.97360186551833,730.1221162633326,242.05280439956505,706.7129684682175,193.78949968617945,707.5799739421105,257.08089928037975,660.1836747026181,210.84060733941146,665.6747093706081,261.4159266498455,672.6107531617533,196.10151428322786,684.7488297962575,259.97091752669024,630.994490414882,139.1681548309107,636.774526907503,159.3982825550843,652.6696272622107,187.1424577196653,616.5443991833293,135.12212928607596,648.334599892745,131.65410739050336,604.9843261980873,145.52619497279383,660.1836747026181,139.45715665554175,,,,,,,,,,,,,770.3425088448446,161.3228325214393,750.3911397552145,167.73577258596328,704.7880104074884,153.84106911282794,789.9376034864457,154.90989245691532,782.4558400778344,176.99890823472015,763.5732943322917,140.6589145357509,,,731.4242857696055,138.94722376312248,,,707.1489168381049,139.44774683387507,,,,,,,883.6218087818904,143.29820284073577,869.4607193749688,153.70226852745364,829.0004639266216,166.12934698658884,892.869867170084,127.98110613529005,904.429940155326,146.47722291167736,870.0387230242309,126.24709518750373,846.3405734044848,133.76114262791108,,,,,827.5554548034663,140.40818459442528,,,,,,,936.7981445140038,116.42103315004798,937.954151812528,135.4951535756974,948.0692156746148,172.19838530384095,,,,,,,,,,,966.4380474676931,134.65276591012338,930.8908230380737,171.934001287529,,,,,,,,,,,949.386939814461,88.4124739691551,,,,,,,,,,,,,,,,,,,,,,,,,,,,,,,,,,,,,,,,,,,,,,
labeled-data,1757497423,img105.png,195.6786765699135,579.9279016265382,198.75312244429946,596.1785441054354,223.3486894393873,636.5855470259369,180.76028546509926,566.8810995070028,199.045962957324,564.5367818797945,,,,,,,,,,,,,,,,,345.9493292480521,477.59155494448544,365.7136241548191,475.8347287305506,415.7831712519622,467.9290107678438,331.45551298308965,492.9637843164153,329.2594802156711,463.9761517864904,348.58456856895435,493.40299086989904,,,388.5523649359721,501.3087088326058,360.44314551301454,447.2863027541094,406.1206270753205,492.96378431641534,403.04618120093454,442.89423721927227,388.5523649359721,492.96378431641534,386.35633216855354,442.89423721927227,611.9196522592099,222.7839639191664,602.6565166104531,238.10376518441814,584.1302453129393,283.70689453214425,610.4745720016311,202.30200722323616,634.6256235819645,214.09228437269024,595.831808445051,220.36775446836742,632.3436344562638,235.2006837854226,583.2808682536967,225.31206424071917,623.7861752348857,269.6206864314096,562.1724688409643,273.80433316186105,619.2221969834842,278.74864293421274,567.8774416552163,258.59107232385577,605.1499307083293,277.7978141318374,731.3827384443966,202.2995628258601,711.3618156142929,210.05767042252526,669.3178776710753,233.4571239802089,739.5162383441262,186.65821686484162,754.0314073959513,206.92940123032156,724.0000231507959,189.41109375398088,734.260746101224,226.9503240604252,707.8581541190248,193.9158013907542,730.2565615352032,238.83774699079925,662.6859469836035,211.80950117015934,692.9675927641352,254.3539621841296,674.1979776109131,194.54145522919492,706.2314541390789,249.3487314766037,887.0592030972738,144.15984155271377,873.367268343069,153.477963815992,831.1504695176043,165.4584067259212,900.1806405700534,126.47442582853262,911.7807519590324,145.1106703550891,872.6066053011687,128.56624919375835,860.4359966307645,131.60890136135941,827.9176515895282,139.78602906178725,,,,,,,,,,,,,,,,,,,,,,,,,,,,,,,,,,,,,627.846472641694,135.30322389716457,633.1905893621306,153.11694629862006,649.2229395234406,180.90635324489068,,,,,,,,,,,,,,,,,,,,,913.8247981540144,109.56599977508701,923.6709321882893,127.61724550459091,950.1617213757431,159.4999652346238,,,,,,,,,,,,,,,,,,,,,,,,,954.6238535454368,89.76531909034269,,,,,,,,,,,,,,,,,,,,,,,,,888.139467510694,90.93071361132667,,,,,,,,,,,,,,,,,,,,
labeled-data,1757497423,img114.png,193.32105263655188,623.4376996590449,184.07406044176454,637.7485209128824,169.76323918792698,679.1398193085972,185.6152258075624,610.2277108093488,212.69570294943964,613.0898750601162,177.90939897857297,615.291539868399,207.19154092873288,635.1065231429433,169.32290622627045,627.1805298331255,211.81503702612653,645.2341812610437,155.67258441491774,651.1786762434069,202.12771186968266,685.5246472526171,147.0860916626152,656.903004744942,193.32105263655188,677.8188204236276,149.50792295172616,559.5894202188467,158.09441570402868,573.0195755493711,193.32105263655188,606.0445476736116,138.05926594865613,561.1305855846446,152.59025368332195,541.9761017525851,144.8844268543325,571.9187431452298,,,,,182.7530615567949,557.8280883722205,,,,,,,,,220.40152977842908,560.2499196613314,216.21836664269193,554.7457576406248,200.5865465038848,515.776290534021,232.95101918564046,559.5894202188467,207.19154092873288,564.2129163162404,,,,,,,,,223.6944802496219,511.50511643116994,184.40377702988104,520.9706040250167,231.79380032974072,534.9278031366246,182.68042130506467,544.7504789415598,294.7890364829416,503.1296720177135,311.3015225450618,493.8826798229262,361.7196466547356,469.66436693181646,286.64287669229554,523.3849882539143,271.6715559959732,498.2860094394916,309.7603571792639,519.2018251181772,296.770534810396,481.3331904157148,335.5198354361715,507.9733345959354,294.348703521285,469.4442004509882,370.30613940703813,496.96501055452194,341.684496899363,448.52838477230256,355.1146522298875,503.7901714601983,322.08968010564706,453.15188086969624,609.7644259220784,181.8103360723194,603.5997644588869,198.54298861526792,594.7931052257561,245.65861551251766,617.9105857127245,159.35335502783585,629.3592427157944,171.24234499256244,606.4619287096543,173.44400980084515,623.6349142142594,184.23216736143036,580.9226169335751,193.91949251787423,630.0197421582793,191.277494747935,576.9596202786662,240.59478645346746,633.3222393707033,238.1729551643565,569.0336269688485,225.62346575714508,618.1307521935527,238.613288126013,541.4802434064813,134.1814806692198,548.525570792986,120.09082589621053,573.4043831265805,79.13986046215233,559.5338948343995,146.29063711477465,522.5459260552501,147.83180248057255,,,,,,,,,,,,,,,,,800.3918559064223,191.16772963747258,782.9929155400299,194.84827471497866,733.8074495042665,207.562884982727,815.7832262305387,174.4379792851721,822.4751263714589,200.87098484180683,790.2010105730576,176.44609730141968,799.0381726374341,208.75244386463197,,,787.2381713801603,224.5093554965851,747.4213655416852,230.53206562341327,,,738.721895358489,179.00443453832787,760.8051658235256,230.53206562341327,896.6507386842052,150.5638589394171,876.2404432543987,157.9249490944293,835.4198523947855,155.58278404510725,906.6885888955856,129.81896850256453,916.0572490928737,152.23683397464714,886.612888472825,131.15734853074858,,,865.5334030289264,133.16491857302464,,,847.4652726484419,138.85303369280678,,,,,,,806.1651592157075,161.06182501941655,812.4159529097573,138.38037361529342,821.1670640814268,95.69638239021134,812.95173522639,172.1346595631617,791.3418484555326,171.59887724652887,829.2037988309193,169.63434208554182,787.5913722391028,157.31134880298674,,,,,,,,,,,,,774.3056067151401,170.7288896165328,758.9492267344204,164.7891577371978,716.2121315050589,141.7545877661182,790.0966012236161,168.41094546849962,777.6376514279378,179.13143715315306,784.3017408535331,148.12893417320942,,,758.3697406974121,133.35204022949796,,,,,,,,,,
labeled-data,1757497423,img128.png,289.1516780414603,613.5927211119102,269.1165282860877,617.3355512859907,223.9823997162924,622.6195468258693,299.0591696787325,596.6399020881335,308.3061618735197,621.518714421728,282.3265171357839,595.7592361648203,288.93151156063203,630.545540135687,255.68637295556326,594.4382372798507,275.061023268451,649.0395245252616,,,,,,,,,234.11005783439282,549.0839422292272,252.6040422239675,540.4974494769247,297.29783783210627,516.7194695474715,219.579070099727,560.5325992322971,226.40423100540337,540.9377824385812,247.32004668408902,558.3309344240145,239.61421985509958,533.8924550520766,275.061023268451,561.4132651556102,240.49488577841265,525.9664617422588,300.1600020828738,546.6621109401162,273.96019086430965,501.08764940866433,295.5195621425752,554.6115352054736,267.2696178384209,496.0834454676361,136.74038800230312,547.512831252122,147.46087968695656,562.5794682143377,178.60825417615223,596.0447868515665,,,,,,,,,,,,,,,,,,,,,605.4487478790292,155.14850868924216,607.0772434242544,170.61921636888252,609.2485708178882,218.38841902882461,587.5352968815508,144.2918717210735,617.3910485440147,141.3062965548271,593.2350312898394,149.17735835674938,622.0051192554863,149.44877428095361,593.2350312898394,171.43346414149516,648.0610479790912,185.2756762759102,581.2927306248539,211.33160499951498,639.104322480352,206.71753428804328,578.3071554586076,201.8320476523674,633.1331721478592,200.47496803134635,539.4946782974046,155.41992461344637,548.7228197203478,133.9780666013133,569.0790140356642,93.26567797068078,550.3513152655732,162.476738642756,522.3954750725389,151.34868575038314,562.565031854763,163.56240233957288,528.3666254050316,147.82027873572832,,,,,,,,,,,,,780.2406030665446,213.2315164689445,761.2414883722495,205.90328651543064,713.7437016365116,195.58948139567042,794.8970629735722,206.17470243963487,782.6833463843825,233.58771078426076,780.783434914953,196.1323132440789,782.4119304601784,223.2739056645005,772.6409571888265,186.63275589693126,767.7554705531506,234.6733744810776,743.3280373747712,178.21886224660057,733.5570641034194,230.05930376960595,728.6715774677434,180.39018964023433,721.3433475142297,226.53089675495113,957.760971451797,159.61914456304572,937.0160810149443,162.2959046194138,890.8419700425952,149.58129435166546,974.1561267970515,151.2542693868955,971.1447717336373,174.00672986602413,952.7420463461069,140.2126341543772,,,,,,,,,,,,,,,,,,,,,,,,,,,,,,,,,,,,,,,,,,,,,,,,,,,,,,,,,,,,,,,,,,,,,,,,,,,,,,,,,,,,,,,,,,,,
labeled-data,1757497423,img150.png,332.1928549274436,545.6875468140757,318.89347464143697,556.5441837822443,290.6662185241985,580.7002010364195,335.7212619420984,523.43144102933,354.9917925605978,547.8588742077096,317.5363950204159,538.3593168605619,347.93497853128815,558.9869271000824,296.9087847808954,548.673121980322,325.9502886707466,587.2141832173209,,,,,,,,,,,,,159.57380440215022,540.4182338668728,,,,,,,,,,,,,,,,,,,,,,,,,120.09159357072116,513.3160382961461,,,,,,,,,,,,,,,,,,,,,596.739384598321,134.91635579155655,601.3534553097926,154.18688641005593,610.8530126569401,182.95697437570288,,,,,,,,,,,,,,,,,,,,,779.1109403038902,167.69869968581062,761.468905230616,166.34162006478954,719.1280210547582,145.7140098252691,800.8242142402274,163.8988767469516,794.038816135122,182.35515959283833,792.9531524383051,145.44259390106487,,,759.0261619127781,138.65719579595947,,,735.4129765070113,135.6716206297131,,,,,,,896.9054514085201,148.15675314310704,877.6349207900207,159.28480603547993,839.3652754772262,183.16940736545098,895.8197877117032,133.77170916028356,911.5619113155478,150.32808053674077,884.6917348193303,137.02870025073418,904.5050972862382,162.81321305013472,874.6493456237743,140.557107265389,897.4482832569286,179.09816850238772,831.7656295995081,151.41374423355765,865.9640360492394,195.38312395464072,836.9225321593882,157.92772641445885,872.4780182301406,188.86914177373953,922.4185482837165,206.23976092280938,928.118282692005,188.05489400112688,934.6322648729063,142.18560281061428,934.9036807971104,222.52471637506238,904.5050972862382,217.36781381518227,938.160671887561,202.71135390815456,903.4194335894213,199.7257787419082,949.8315566283422,181.5409118202257,905.8621769072593,185.3407347590847,,,,,,,,,560.7175149864804,81.81484579949768,584.4737604867471,86.8337709051878,627.6365163956822,101.55595121521222,,,,,,,,,,,,,,,,,,,,,,,,,,,,,,,,,,,,,,,,,,,,,,,,,,,,,,,,,,,,,,,,,,,,,,,,
labeled-data,1757497423,img160.png,346.1131399593075,539.0191186366043,332.0601496633751,548.3877788338925,303.2849790574183,585.5278246159995,347.4515199874915,518.2742281997516,370.2039804666201,539.3537136436503,333.73312469860514,533.6655985238681,350.1282800438596,558.7602240523188,307.3001191419704,538.6845236295583,,,,,,,,,,,598.2548923394545,124.92078722249235,600.2624623817306,147.67324770162097,608.6273375578808,174.7754432723477,588.2170421280744,119.90186211680222,610.6349076001569,116.89050705338813,,,,,,,,,,,,,,,,,782.5753059142173,159.8136063101838,767.8241516987232,162.67577056095132,719.3875259165038,147.70444986462894,799.3079584571658,149.46578171125512,798.8676254955093,164.65726888840572,788.7399673774089,138.89779063149814,,,758.1368265422793,137.35662526570027,734.5790130936546,134.49446101493277,,,,,,,,,931.7906657227945,203.31267725817798,931.1301662803097,183.93802694529023,923.8646724129768,143.2072279920603,,,,,,,,,,,,,,,,,,,,,885.7359174691375,123.96598474421745,878.4076875156236,141.87943574169574,853.9802543372441,165.7640370716668,,,,,,,,,,,,,,,,,,,,,552.7606948339394,67.62544599353704,573.3883050734598,71.9681007808045,613.5578618556839,95.58128618657135,,,,,,,,,,,,,,,,,,,,,,,,,92.24138796330271,507.17445745786665,,,,,,,,,,,,,,,,,,,,,,,,,949.156340026411,95.80562645273562,,,,,,,,,,,,,,,,,,,,,,,,,,,,,,,,,,,,,,,,,,,,,,,,,,,,,,,,,,,,,,,,,,,,,,,,
labeled-data,1757497423,img165.png,345.71823982770417,527.4473828736541,332.41885954169754,539.6610994628438,301.20602825821265,574.945169609392,340.2899213436198,506.2769407857252,365.8030182188162,523.647559934795,,,,,,,,,,,,,,,,,57.632814793390594,465.3980463366871,63.40754371815592,483.54719438594947,93.93111089191535,520.2579711219574,,,,,,,,,,,,,,,,,,,,,927.7401160222212,200.4985785993378,929.0971956432423,182.04229575345107,925.5687886285875,140.78707527441017,939.1395848387983,213.52654296114022,,,,,,,,,,,,,,,,,,,903.8555146922502,94.37495223548913,892.4560458756731,109.30282806672105,867.7571967730894,149.7438007731493,,,,,,,,,,,,,,,,,,,,,782.4672925974426,159.9068371217183,761.053212146498,163.58738219922435,715.8828861952868,146.85763184692394,794.512712851099,144.51546679760185,796.185687886329,160.5760271358103,778.7867475199365,140.50032671304973,,,757.3726670689919,136.48518662849762,,,735.9585866180473,134.8122115932676,,,,,,,612.49302901807,117.41327122687512,605.8011288771498,133.80842657212958,600.4476087644136,165.92954724854644,550.2583577075123,70.23537523338784,569.9994631232269,70.56997024043385,610.4854589757939,83.6191755152282,,,,,,,,,,,,,,,,,,,,,,,,,,,,,,,,,,,,,,,,,,,,,,,,,,,,,,,,,,,,,,,,,,,,,,,,,,,,,,,,,,,,,,,,,,,,,,,,,,,,,,,,,,,,,,,,,,,,,,
labeled-data,1757497423,img237.png,899.1347712934828,263.8800615879331,879.846607894701,260.4867735825918,830.1974465533921,247.62799798340393,911.6199587660772,253.47489065480698,911.4750872568251,275.7851030796262,889.8892323782661,249.56335990500102,887.1366737024767,289.98251098632943,879.748226730621,238.9877397295997,857.0033997780456,291.2863545695981,845.2834605436616,228.8691845013612,840.2196314846113,278.4066426877219,853.4774229440427,238.59100532852136,852.2399810315931,278.60162716439527,848.7427302512059,207.68579900609652,867.4278539086057,211.44632703777447,909.8513107659727,225.07824115260706,832.7604861165746,216.26450357836185,836.2859811462727,195.69911590512302,849.1982715281323,224.84066419217652,,,,,,,,,,,,,,,779.728884496143,148.21962072256625,767.0164801315641,158.89804038881252,728.8792670378273,155.8470633413136,784.3467914761065,135.22578946598077,804.0794279246122,140.18278026463918,773.4187776323289,132.9149103004724,,,,,,,,,,,,,,,625.678361240238,152.39926549302746,609.386041658946,159.66475936036036,563.3712471658376,163.40758953444097,643.7320126681561,144.03293922155322,641.97068082153,163.62775601526923,611.3675399864005,134.34561406510934,,,596.6163857709064,133.244781660968,575.7005700922208,139.18927664333128,,,,,,,,,559.8254590475901,126.78610262961922,549.4530138291639,103.6990471434446,535.7346185402774,72.24711648111975,570.5324992730624,134.48178779167745,559.1562690334981,143.18125797487366,571.8708793012464,122.7709625450671,542.0919236741516,134.48178779167745,,,,,,,,,,,,,701.5339916292409,120.48414805999309,706.3776542074628,102.6506631129032,708.7994854965738,66.54336025706695,709.0196519774021,140.51929781536563,701.5339916292409,133.91430339051755,,,,,,,,,,,,,,,,,,,,,,,,,,,,,,,,,,,,,,,,,,,,,,,,,,,,,,,,,,,,,,,,,,,,,,,,,,,,,,,,,,,,,,,,,,,,,,,,,,,,,,,,,,,,,,,,,,,,,,,,
labeled-data,1757497423,img242.png,948.1947118627924,229.6967157882667,928.3813493958845,235.125034272351,881.4263945085551,248.96724640676604,960.1370125277779,214.49742403283054,968.8223221023128,240.2819368322311,940.8664819092785,209.88335332135887,944.6663048481375,252.22423749721668,909.6536506257936,217.75441512328115,937.3380748946237,266.0664496316317,891.468783704111,227.52538839463296,889.2974563104774,275.8374229029835,897.7113499608081,225.62547692520343,909.9250665499978,270.4091044188992,832.3001122275919,191.15565455126793,852.3848906187038,200.3837959742113,890.6545359314985,221.01140621373176,811.4010860638672,196.85538895955648,827.6860415161202,169.98521246333902,829.8573689097539,209.61193739715466,846.4137402862111,186.27016791559203,845.8709084378027,228.88246801565404,856.4561294817672,179.2133538862824,874.3695804792454,231.59662725769618,899.0684295818292,215.04025588123898,859.7131205722178,235.93928204496365,891.468783704111,187.3558316124089,560.8365375540363,134.343533290969,550.0483799934511,111.66638576565717,539.7005553945224,77.98091419893187,,,,,,,,,,,,,,,,,,,,,616.2097436914656,147.00646025313307,599.7105181921362,164.7431276649122,561.3498189061952,148.65638280306598,623.2219145286806,137.93188622850187,631.0590466408621,135.8694830410857,,,,,,,,,,,,,,,,,699.5308324630794,132.56963794121975,700.768274375529,112.77056734202444,705.3055613878446,74.82234869356671,708.1929258502273,152.36870854041513,680.5567231388504,146.5939796156498,720.5673449747244,129.68227347883715,682.6191263262667,126.38242837897121,728.4044770869059,107.82079969222559,683.8565682387164,108.23328032970883,,,,,,,,,783.6768825096595,135.45700240360242,771.7149440226457,147.41894089061628,732.5292834617383,152.36870854041513,785.0079056015043,122.96293823493343,796.7951165674266,130.1067024567045,772.5063182134049,120.99840307394639,,,,,,,,,,,,,,,881.757564196659,82.09336712824087,,,,,,,,,,,,,,,,,,,,,,,,,,,,,,,,,,,,,,,,,,,,,,,,,,,,,,,,,,,,,,,,,,,,,,,,,,,,,,,,,,,,,,,,,,,,,,,,,,,,,,
labeled-data,1757497423,img261.png,531.4462925786958,194.53503607564622,547.5068529169041,203.9036962729345,587.6582537624253,236.69400696344337,506.68626205729106,197.21179613201429,523.7506074166375,177.47069071629974,,,,,,,,,,,,,,,,,842.7700676465188,142.73904512651862,844.3985631917442,159.83824835138427,853.3552886904833,199.19355736099567,837.3417491624346,132.9680718551668,846.2984746611737,132.9680718551668,826.2136962700616,138.39639033925116,858.5121912503635,138.39639033925116,827.5707758910828,156.30984133672945,866.3832530522857,156.58125726093365,,,,,,,,,791.4593709003814,145.01337936931628,773.0030880544946,152.07019339862592,731.4764516512495,147.45612268715422,801.7731760201416,135.7852379463729,807.4729104284302,159.39842335213973,781.4169817048253,129.27125576547172,,,,,,,,,,,,,,,687.7534733252234,138.19808807358424,698.610110293392,119.47038930349328,717.337809063483,84.18631915694513,686.1249777799981,158.28286646469627,665.4973675404776,146.34056579971073,703.2241810048638,152.85454798061193,,,,,,,,,,,,,,,548.7885201326644,134.66968105892943,540.1032105581296,116.4848141372469,528.9751576657567,79.57224844547346,569.9589622205933,143.62640655766856,542.8173698001717,154.75445945004145,572.9445373868398,70.61552294673433,585.4296699002338,79.30083252126923,617.1853330321271,112.68499119838788,,,,,,,,,,,,,,,,,,,,,,,,,,,,,,,,,,,,,,,,,,,,,,,,,,,,,,,,,,,,,,,,,,,,,,,,,,,,,,,,,,,,,,,,,,,,,,,,,,,,,,,,,,,,,,,,,,,,,,,,,,,,,,,,,,,,,,,,,,,,
labeled-data,1757497423,img279.png,947.4432339723437,143.63488565873143,952.7272295122223,161.90870356747783,966.5977178044031,205.50166677147527,,,,,,,,,,,,,,,,,,,,,791.2552983335831,161.93721846002916,772.5029172514342,164.25894183210474,726.0684498099222,145.50656074995572,812.1508086822635,157.29377171587794,799.1134389775314,179.0822525922797,783.7543459007236,140.32733168917167,,,,,,,,,,,,,,,678.3468054666102,129.82009783215926,691.0269869602539,118.39007507732555,728.531749124552,87.49329481816571,679.2397759943317,150.7156081808396,,,,,,,,,,,,,,,,,,,570.529103489748,100.14651127560168,588.3625884368378,98.82551239063207,635.2580488532592,103.88934144968229,,,,,,,,,,,,,,,,,,,,,559.7761532155257,126.15700942153956,540.401502902638,112.50668761018682,523.0083509172046,76.61955123517882,,,,,,,,,,,,,,,,,,,,,885.4143750596122,94.56181003120273,874.8773228324999,108.31355615811202,862.9115177610333,150.64035917210558,914.58220464897,63.755399899405404,918.9319397405682,75.80082015306172,935.6616900928686,118.96357606199689,,,,,,,,,,,,,,,,,,,,,,,,,,,,,,,,,,,,,,,,,,,,,,,,,,,,,,,,,,,,,,,,,,,,,,,,,,,,,,,,,,,,,,,,,,,,,,,,,,,,,,,,,,,,,,,,,,,,,,
labeled-data,1757497423,img392.png,990.0516360581757,279.25851398412425,971.9835056776913,292.30771925891867,927.482369740572,307.69908958303506,993.7321811356819,257.5098385261337,1014.1424765654883,286.9541991461825,,,,,,,,,,,,,,,,,846.0465071192336,204.11783825961103,827.8616401975511,187.29005095894962,796.9202248382703,156.0772196754647,867.4883651313667,203.03217456279418,838.989693089924,220.40279371186404,857.4459759358107,196.7896083060972,843.6037638013956,213.88881153096284,851.2034096791137,187.0186350347454,824.3332331828963,215.24589115198393,664.3997343536917,161.48835196779694,679.1219146637161,158.47699690438287,725.6306206431113,140.40886652389838,,,576.4012475005914,148.77374170004862,567.7017773173951,135.38994141820825,543.6109368100824,103.9380107558834,597.8153279515359,148.77374170004862,579.4126025640054,163.83051701711904,607.1839881488243,144.0894116014045,624.9175235222626,136.72832144639227,665.7381143818758,113.97586096726366,,,,,,,,,,,782.5117718409329,138.06670147457632,798.5723321791413,126.35587622796601,836.0469729682943,103.9380107558834,781.4447793074141,156.67137790025626,768.4168149456118,134.6866880397147,,,,,,,,,,,,,,,,,,,896.5251311700019,74.97518471478708,,,,,,,,,,,,,,,,,,,,,,,,,,,955.1509707981127,77.68934395682923,,,,,,,,,,,,,,,,,,,,,,,,,518.7598587675826,94.59779178554294,,,,,,,,,,,,,,,,,,,,,,,,,,,,,,,,,,,,,,,,,,,,,,,,,,,,,,,,,,,,,,,,,,,,,,,,,,,,,,,,,,,,,,,,,,,,,,,,,,
labeled-data,1757497423,img395.png,182.13283408786927,139.77858112087154,157.2165215332946,143.84655051753674,129.75772810580415,154.52497018378307,196.76969110653897,126.04300799825592,197.84125573980464,157.29697646850428,180.51762750200982,124.07847283726888,188.73295635704653,160.15448215721273,165.8729108473791,118.00627324876348,174.08823970241585,166.4052758512624,131.58284258287802,135.15130738101402,152.83554114264695,176.04935755065333,126.22501941654973,140.15194233625377,130.33268384406807,169.08418743442655,845.1378931694995,203.0348551090845,828.7427378242451,187.64348478496808,797.2908071619202,158.8683141790113,866.2173786133981,204.70783014431453,850.1568182751896,223.7797455459371,854.5065533667878,201.36188007385448,841.4573480919935,213.40730032751077,850.1568182751896,185.63591474269202,824.727597739693,214.74568035569484,815.0243425353588,154.8531740944592,783.2378168659878,184.297534714508,833.7616629299353,152.1764140380911,795.2832371196441,190.32024484133615,780.8956518166658,139.46180377034278,798.9637821971503,124.73962346031837,834.4308529440273,101.98716298118975,777.2151067391596,158.8683141790113,761.8237364150432,138.12342374215874,,,,,,,,,,,,,,,,,642.086253145663,169.75780751172283,658.371208597916,165.14373680025113,704.783331636837,142.0733832428927,635.5722709647619,186.31417888818004,623.0871384513679,168.12931196649754,,,,,,,,,,,,,,,,,582.8703225608303,143.69769099112,565.8059772014839,131.9868657445097,538.7037816307571,106.55764520901299,594.2465528003947,158.41987130114438,,,,,,,,,,,,,,,,,,,607.630353082235,143.028500977028,626.0330784697655,129.31010568814162,658.1541991461825,109.23440526538108,608.9687331104191,162.4350113856965,596.5887178497167,137.0057908501998,622.0179383852135,153.73554120250026,,,,,,,,,,,,,,,,,,,519.9664612361806,95.18141496944868,,,,,,,,,,,,,,,,,,,,,893.472083309936,77.99762383528642,,,,,,,,,,,,,,,,,,,,,,,,,952.4568144700388,80.47250766018581,,,,,,,,,,,,,,,,,,,,,,,,,,,,,,,,,,,,,,,,,,,,,,,,,,
labeled-data,1757497423,img415.png,318.05273471148047,288.1534977214893,297.57725199445133,280.66783737332815,261.02961617695854,259.0915222521577,342.2710476025901,280.2275044116716,333.0240554078028,303.78531786029646,318.71323415396523,263.2746853878948,314.30990453739986,300.4828206478724,315.85106990319775,251.60586190399653,288.330259799664,300.923153609529,281.0647659323311,232.8917110335936,259.2682843303324,285.29133347072184,275.7807703924526,248.52353117240074,272.03794021837206,291.2358284530851,443.49172713807155,270.71207009626255,461.98571152764623,268.5104052879799,510.64250379069387,259.2634130931925,431.3825706925167,285.02289135010017,428.3002399609209,256.18108236159674,443.7118936188998,291.1875528132917,451.8580534095458,254.86008347662715,484.22252609130146,291.1875528132917,471.0125372416053,242.31059406941577,514.3853339647744,283.26155950347396,494.79051717105847,238.5677638953352,501.17534511507824,277.3170645211107,485.9838579379276,243.19125999272885,404.419318728108,215.85210936168886,394.37692953255197,202.55272907568224,356.3787001439616,179.4823755183238,414.19029199945976,209.0667112565834,404.9621505765164,236.20830367700506,,,,,,,370.0711240516179,231.51293591667078,,,348.935141892104,201.79046100485436,,,,,850.7296161729939,206.00343106538133,833.9998658206935,190.9466557483109,798.8673900808625,166.18662522690624,873.4820766521225,198.3077459033231,850.0604261589019,223.73696643881982,857.7561113209601,195.630985846955,841.0263609686597,214.70290124857758,849.3912361448099,184.25475560739073,824.2966106163592,217.71425631199162,815.262545426117,158.49094006484802,792.8446799540343,189.27368071308086,811.5820003486108,162.84067515644614,795.1868450033564,182.91637557920666,698.1542929600138,156.14877501552598,715.8878283334523,162.50608014940013,764.7386993621697,151.4644449168818,685.1050876852194,159.16013007894003,682.4283276288513,141.76118971254755,,,706.85376314321,140.75740469140953,728.6024386012007,136.4076695998114,,,,,740.313263847811,134.40009955753538,,,,,562.3087200993341,153.4720149591579,559.631960042966,136.0730745927654,553.6092499161379,90.90274864155418,577.7000904234505,170.20176531145836,544.9097797329416,164.51365019167616,,,,,,,,,,,,,,,,,,,,,957.9189156525108,83.31518296289767,,,,,,,,,,,,,,,,,,,,,,,,,,,,,,,,,,,,,,,,,,,,,,,,,,,,,,,,,,,,,,,,,,,,,,,,,,,,,,,,,,,,,,,,,,,,,,,,,,
labeled-data,1757497423,img447.png,817.4531788011055,512.2846426518681,801.7272134699431,525.6684429337084,769.6060927935262,547.0825233846531,,,,,,,,,,,,,,,,,,,,,1151.7650607424503,558.2070314327327,1144.2427193128635,582.6546410788893,1119.168247880908,635.3110310859959,,,,,,,,,,,,,,,,,,,,,829.5857195564743,218.3179502316029,820.551654366232,201.25360487225646,801.1451439575635,162.10598904787338,848.9922299651428,228.3558004429832,817.205704295772,237.38986563322544,838.6197847467165,203.59576992157852,,,843.6387098524067,185.86223454814004,803.1527139998395,222.66768532320103,,,,,,,,,573.2859441592313,145.71083370261894,591.688669546762,153.07192385763113,635.186020462743,151.3989488224011,561.2405239055751,158.0908489633213,560.905928898529,136.0075784982847,,,,,,,,,,,,,,,,,523.7658831164221,105.55943285709783,544.5107735532746,97.86374769503963,585.6659594199338,87.49130247661336,,,,,,,,,,,,,,,,,,,,,477.5917721440728,70.4269571172669,491.6447624400052,88.16049249070537,478.93015217225684,131.32324839964056,,,,,,,,,,,,,,,,,,,,,,,,,364.67855767616123,296.18041037967083,,,,,,,,,,,,,,,,,,,,,412.52564368374055,268.4090247948521,425.90944396558086,273.0933548934962,,,,,,,,,,,,,,,,,,,,,,,,,,,950.0025168540374,75.82674099498628,,,,,,,,,,,,,,,,,,,,,,,,,,,,,,,,,,,,,,,,,,,,,,
